이름,가격,연식,주행거리,연료,배기량,연비,구동방식,최대토크,보험이력등록,제조사,마력,보증여부
그랜저IG 3.0,22950000,37,54648,가솔린,2999,10.1,전륜 FF,31.4,등록,현대,266,1
그랜저IG 3.0,24600000,72,38221,가솔린,2999,10.1,전륜 FF,31.4,등록,현대,266,1
그랜저IG,26300000,67,54243,가솔린,2999,9.9,전륜 FF,31.4,미등록,현대,266,0
그랜저IG 2.2,14990000,52,57751,디젤,2199,14.8,전륜 FF,45,등록,현대,202,1
그랜저IG 3.0,15990000,38,96190,LPG,2999,7.6,전륜 FF,28.6,등록,현대,235,1
그랜저HG 240,14800000,84,63133,가솔린,2359,11.3,전륜 FF,25.5,등록,현대,190,0
그랜저IG 3.0,15990000,84,77453,가솔린,2999,10.1,전륜 FF,31.4,등록,현대,266,0
그랜저IG 2.4,13500000,51,78179,가솔린,2359,11.2,전륜 FF,24.6,등록,현대,190,1
그랜저HG 240,12990000,120,95522,가솔린,2359,11.3,전륜 FF,25.5,등록,현대,201,0
그랜저IG 2.4,16500000,63,74509,가솔린,2359,11.2,전륜 FF,24.6,등록,현대,190,0
그랜저HG 300,9500000,136,69884,가솔린,2999,11.6,전륜 FF,31.6,등록,현대,270,0
그랜저IG 하이브리드,28500000,54,50000,기타,2359,16.2,전륜 FF,26.7,등록,현대,199,1
그랜저IG 하이브리드,35500000,37,16555,기타,2359,16.2,전륜 FF,26.7,등록,현대,199,1
그랜저HG 300,9400000,80,89076,LPG,2999,8.9,전륜 FF,28.6,등록,현대,235,0
그랜저IG 하이브리드,19500000,68,110518,기타,2359,16.2,전륜 FF,26.7,등록,현대,199,0
그랜저IG 2.4,11600000,63,135300,가솔린,2359,11.2,전륜 FF,24.6,등록,현대,190,0
그랜저IG 3.0,14000000,64,70640,가솔린,2999,9.9,전륜 FF,31.4,등록,현대,266,0
더 뉴 그랜저 하이브리드,31990000,26,66011,기타,2359,16.2,전륜 FF,25.1,등록,현대,200,1
그랜저IG 3.0,16990000,70,82975,LPG,2999,7.6,전륜 FF,28.6,등록,현대,235,0
그랜저 뉴 럭셔리,2400000,173,160993,가솔린,2656,10.6,전륜 FF,25.5,등록,현대,195,0
그랜저 뉴 럭셔리,2400000,173,160993,가솔린,2656,10.6,전륜 FF,25.5,등록,현대,195,0
그랜저HG 300,6400000,137,149534,가솔린,2999,11.6,전륜 FF,31.6,등록,현대,270,0
그랜저HG 330,8490000,126,83237,가솔린,3342,10.9,전륜 FF,35.3,등록,현대,294,0
더 뉴 그랜저 3.3,31500000,31,38160,가솔린,3342,9.7,전륜 FF,35,등록,현대,290,0
그랜저IG 하이브리드,25990000,65,66219,기타,2359,16.2,전륜 FF,26.7,등록,현대,199,0
더 뉴 그랜저 하이브리드,34500000,25,68867,기타,2359,16.2,전륜 FF,21,등록,현대,159,0
더 뉴 그랜저 2.5,34700000,47,63243,가솔린,2497,11.1,전륜 FF,25.3,등록,현대,198,0
그랜저IG 3.0,14300000,69,83996,LPG,2999,7.6,전륜 FF,28.6,등록,현대,235,0
더 뉴 그랜저 하이브리드,32800000,25,52000,기타,2359,16.2,전륜 FF,25.1,등록,현대,200,0
그랜저IG 3.0,19700000,64,45269,가솔린,2999,10.1,전륜 FF,31.4,등록,현대,266,0
더 뉴 그랜저,22200000,17,63568,LPG,2999,7.5,전륜 FF,28.6,등록,현대,235,0
그랜저IG 3.0,21000000,52,63599,가솔린,2999,10.1,전륜 FF,31.4,등록,현대,266,1
그랜저HG 300,5500000,137,183397,가솔린,2999,11.6,전륜 FF,31.6,등록,현대,270,0
그랜저TG Q270,2900000,181,126863,가솔린,2656,9.4,전륜 FF,25.6,등록,현대,195,0
그랜저HG 240,5900000,139,173861,가솔린,2359,12.8,전륜 FF,25.5,등록,현대,201,0
그랜저 뉴 럭셔리,2800000,175,153709,가솔린,2656,10.6,전륜 FF,25.5,등록,현대,195,0
그랜저TG Q270,2900000,183,179669,가솔린,2656,9.4,전륜 FF,25.6,등록,현대,195,0
더 뉴 그랜저 2.5,1900000,33,30500,가솔린,2497,11.9,전륜 FF,25.3,등록,현대,198,0
그랜저IG,24990000,63,61800,가솔린,2999,9.9,전륜 FF,31.4,등록,현대,266,0
더 뉴 그랜저 3.0,26400000,24,44000,LPG,2999,7.5,전륜 FF,28.6,등록,현대,235,1
더 뉴 그랜저 2.5,1900000,33,30500,가솔린,2497,11.9,전륜 FF,25.3,등록,현대,198,0
그랜저IG,24990000,63,61800,가솔린,2999,9.9,전륜 FF,31.4,등록,현대,266,0
더 뉴 그랜저 3.0,26400000,24,44000,LPG,2999,7.5,전륜 FF,28.6,등록,현대,235,1
그랜저HG 240,8700000,103,111120,가솔린,2359,11.3,전륜 FF,25.5,등록,현대,190,0
그랜저HG 240,7500000,116,119169,가솔린,2359,11.3,전륜 FF,25.5,등록,현대,201,0
그랜저HG 240,8990000,85,113465,가솔린,2359,11.3,전륜 FF,25.5,등록,현대,190,0
그랜저HG 240,8990000,81,134143,가솔린,2359,11.3,전륜 FF,25.5,등록,현대,190,0
그랜저HG 240,6800000,142,120856,가솔린,2359,12.8,전륜 FF,25.5,등록,현대,201,0
그랜저HG 240,8990000,111,76579,가솔린,2359,11.3,전륜 FF,25.5,등록,현대,201,0
그랜저HG 300,8700000,106,132231,LPG,2999,8.9,전륜 FF,28.6,등록,현대,235,0
그랜저IG 3.0,17990000,59,35741,LPG,2999,7.6,전륜 FF,28.6,등록,현대,235,1
더 뉴 그랜저 2.5,23500000,48,36697,가솔린,2497,11.9,전륜 FF,25.3,등록,현대,198,0
그랜저IG 3.0,23990000,61,11211,가솔린,2999,9.9,전륜 FF,31.4,등록,현대,266,0
그랜저IG 3.0,17700000,45,80563,LPG,2999,7.6,전륜 FF,28.6,등록,현대,235,1
그랜저HG 300,8700000,111,131412,가솔린,2999,10.4,전륜 FF,31.5,등록,현대,270,0
그랜저IG 2.4,11990000,68,161619,가솔린,2359,11.2,전륜 FF,24.6,등록,현대,190,0
그랜저IG 하이브리드,17700000,65,113145,가솔린,2359,16.2,전륜 FF,26.7,등록,현대,199,0
그랜저HG 220,7990000,87,172942,디젤,2199,13.8,전륜 FF,45,등록,현대,202,0
더 뉴 그랜저 하이브리드,34900000,29,44839,기타,2359,16.2,전륜 FF,25.1,등록,현대,200,1
그랜저IG,24500000,40,37663,가솔린,2359,11.2,전륜 FF,24.6,등록,현대,190,1
그랜저HG 240,8790000,135,97000,가솔린,2359,12.8,전륜 FF,25.5,등록,현대,201,0
그랜저IG 3.0,14500000,63,123000,LPG,2999,7.4,전륜 FF,28.6,등록,현대,235,0
그랜저HG 240,7600000,136,110000,가솔린,2359,12.8,전륜 FF,25.5,등록,현대,201,0
더 뉴 그랜저 3.3,27900000,33,48706,가솔린,3342,9.7,전륜 FF,35,등록,현대,290,0
더 뉴 그랜저 2.5,30600000,28,41603,가솔린,2497,11.6,전륜 FF,25.3,등록,현대,198,0
더 뉴 그랜저 2.5,31500000,25,37042,가솔린,2497,11.6,전륜 FF,25.3,등록,현대,198,0
더 뉴 그랜저 2.5,32900000,24,14892,가솔린,2497,11.9,전륜 FF,25.3,등록,현대,198,1
더 뉴 그랜저 3.0,29990000,25,40953,LPG,2999,7.5,전륜 FF,28.6,등록,현대,235,0
더 뉴 그랜저 2.5,32600000,14,37385,가솔린,2497,11.6,전륜 FF,25.3,등록,현대,198,1
그랜저HG 240,4800000,125,149110,가솔린,2359,12.8,전륜 FF,25.5,등록,현대,201,0
그랜저HG 240,10800000,96,135000,가솔린,2359,11.3,전륜 FF,25.5,등록,현대,190,0
그랜저IG,24500000,52,101833,가솔린,2359,11,전륜 FF,24.6,미등록,현대,190,1
그랜저IG,13000000,84,154000,LPG,2999,7.6,전륜 FF,28.6,미등록,현대,235,0
그랜저TG Q270,1490000,193,148586,가솔린,2656,9.4,전륜 FF,25.6,등록,현대,195,0
그랜저IG 2.4,14700000,57,72000,가솔린,2359,11.2,전륜 FF,24.6,등록,현대,190,1
그랜저HG 300,7900000,121,100000,LPG,2999,8.9,전륜 FF,28.6,등록,현대,235,0
그랜저HG 300,6300000,129,152000,LPG,2999,8.9,전륜 FF,28.6,등록,현대,235,0
그랜저HG 하이브리드,11000000,97,147000,기타,2359,16,전륜 FF,26.7,등록,현대,199,0
그랜저HG 하이브리드,8500000,101,127000,기타,2359,16,전륜 FF,26.7,등록,현대,199,0
그랜저HG 300,5500000,117,119000,가솔린,2999,12,전륜 FF,31.5,등록,현대,270,0
그랜저IG 3.0,15900000,61,80000,LPG,2999,7.6,전륜 FF,28.6,등록,현대,235,0
그랜저HG 300,4200000,133,86772,가솔린,2999,11.6,전륜 FF,31.6,등록,현대,270,0
그랜저HG 300,6990000,136,158000,가솔린,2999,11.6,전륜 FF,31.5,등록,현대,270,0
그랜저IG 3.0,16400000,56,121321,LPG,2999,7.6,전륜 FF,28.6,등록,현대,235,1
그랜저HG 300,5600000,129,111068,가솔린,2999,11.6,전륜 FF,31.5,등록,현대,270,0
그랜저HG 하이브리드,8400000,106,136659,기타,2359,16,전륜 FF,26.7,등록,현대,199,0
그랜저HG 300,8300000,79,105750,LPG,2999,8.9,전륜 FF,28.6,등록,현대,235,0
그랜저IG 3.0,14990000,65,119876,가솔린,2999,10.1,전륜 FF,31.4,등록,현대,266,0
그랜저IG,22000000,49,93400,가솔린,2999,10.1,전륜 FF,31.4,미등록,현대,266,1
더 럭셔리 그랜저,3900000,155,99656,가솔린,2656,10.6,전륜 FF,25.5,등록,현대,195,0
그랜저HG 하이브리드,11800000,97,173294,기타,2359,16,전륜 FF,26.7,등록,현대,199,0
그랜저HG 하이브리드,10900000,73,186271,기타,2359,16,전륜 FF,26.7,등록,현대,199,0
그랜저IG,21300000,49,58000,가솔린,2359,11.2,전륜 FF,24.6,등록,현대,190,1
그랜저IG 2.4,17900000,46,51000,가솔린,2359,11.2,전륜 FF,24.6,등록,현대,190,1
그랜저IG 2.4,17900000,46,68000,가솔린,2359,11.2,전륜 FF,24.6,등록,현대,190,1
그랜저IG 2.4,17900000,84,85000,가솔린,2359,11.2,전륜 FF,24.6,등록,현대,190,0
더 뉴 그랜저 2.5,34900000,27,26000,가솔린,2497,11.6,전륜 FF,25.3,등록,현대,198,0
그랜저HG 240,6500000,139,119000,가솔린,2359,12.8,전륜 FF,25.5,등록,현대,201,0
그랜저HG 220,12500000,108,152000,디젤,2199,13.8,전륜 FF,45,등록,현대,202,0
그랜저HG 240,10000000,113,94386,가솔린,2359,11.3,전륜 FF,25.5,등록,현대,201,0
그랜저HG 240,6500000,123,162645,가솔린,2359,12.8,전륜 FF,25.5,등록,현대,201,0
그랜저HG 240,6990000,135,97593,가솔린,2359,12.8,전륜 FF,25.5,등록,현대,201,0
그랜저HG 240,8900000,85,116174,가솔린,2359,11.3,전륜 FF,25.5,등록,현대,190,0
그랜저IG 2.2,16990000,63,157505,디젤,2199,14.3,전륜 FF,45,등록,현대,202,0
더 뉴 그랜저 2.5,24990000,28,22268,가솔린,2497,11.9,전륜 FF,25.3,등록,현대,198,0
그랜저IG 2.4,16990000,58,86782,가솔린,2359,11.2,전륜 FF,24.6,등록,현대,190,1
그랜저IG 3.0,13900000,40,98616,가솔린,2999,10.1,전륜 FF,31.4,등록,현대,266,1
그랜저HG,8800000,111,86150,가솔린,2359,11.3,전륜 FF,25.5,미등록,현대,201,0
그랜저IG,23500000,64,94308,LPG,2999,7.4,전륜 FF,28.6,미등록,현대,235,0
더 뉴 그랜저,31800000,15,11184,가솔린,3342,9.7,전륜 FF,35,미등록,현대,290,1
그랜저HG 하이브리드,12000000,107,120137,기타,2359,16,전륜 FF,26.7,등록,현대,199,0
그랜저 뉴 럭셔리,1800000,157,208459,가솔린,2359,11.3,전륜 FF,23.6,등록,현대,179,0
그랜저HG 240,7700000,144,148668,가솔린,2359,12.8,전륜 FF,25.5,등록,현대,201,0
그랜저HG 300,8900000,142,117356,LPG,2999,8.9,전륜 FF,28.6,등록,현대,235,0
그랜저HG 하이브리드,10400000,103,193711,기타,2359,16,전륜 FF,26.7,등록,현대,199,0
더 뉴 그랜저 3.3,37700000,3,5800,가솔린,3342,9.6,전륜 FF,35,등록,현대,290,1
그랜저HG,15900000,116,127876,가솔린,2999,10.4,전륜 FF,31.5,미등록,현대,270,0
더 뉴 그랜저 3.3,36500000,21,13050,가솔린,3342,9.7,전륜 FF,35,등록,현대,290,1
그랜저IG 2.2,19300000,51,53900,디젤,2199,14.8,전륜 FF,45,등록,현대,202,1
그랜저TG,2600000,188,165400,LPG,2656,7.4,전륜 FF,25,미등록,현대,165,0
그랜저IG 3.0,13000000,62,230000,LPG,2999,7.6,전륜 FF,28.6,등록,현대,235,0
그랜저HG,8900000,89,217883,가솔린,2359,11.3,전륜 FF,25.5,미등록,현대,190,0
그랜저IG 하이브리드,25900000,64,41499,기타,2359,16.2,전륜 FF,26.7,미등록,현대,199,0
더 뉴 그랜저 2.5,26500000,31,80690,가솔린,2497,11.9,전륜 FF,25.3,등록,현대,198,0
더 뉴 그랜저 2.5,31800000,14,33860,가솔린,2497,11.6,전륜 FF,25.3,등록,현대,198,1
그랜저IG 3.0,27000000,62,60627,가솔린,2999,9.9,전륜 FF,31.4,등록,현대,266,0
그랜저HG 300,7000000,135,149370,가솔린,2999,11.6,전륜 FF,31.5,등록,현대,270,0
그랜저HG 240,11500000,115,142000,가솔린,2359,11.3,전륜 FF,25.5,등록,현대,201,0
그랜저HG,6300000,136,188000,가솔린,2999,11.6,전륜 FF,31.6,미등록,현대,270,0
그랜저HG,5900000,122,233000,가솔린,2999,11.6,전륜 FF,31.5,미등록,현대,270,0
더 뉴 그랜저 3.3,35000000,14,18204,가솔린,3342,9.6,전륜 FF,35,등록,현대,290,0
더 뉴 그랜저 하이브리드,39000000,31,39000,기타,2359,15.2,전륜 FF,21,등록,현대,159,0
더 뉴 그랜저 2.5,34000000,32,28000,가솔린,2497,11.6,전륜 FF,25.3,등록,현대,198,0
그랜저IG 하이브리드,16300000,71,192000,기타,2359,16.2,전륜 FF,26.7,미등록,현대,199,1
더 뉴 그랜저 3.3,37000000,22,19000,가솔린,3342,9.6,전륜 FF,35,등록,현대,290,1
그랜저 뉴 럭셔리,3000000,159,15200,가솔린,2656,10.6,전륜 FF,25.5,등록,현대,195,0
그랜저HG 하이브리드,18500000,88,58000,기타,2359,16,전륜 FF,26.7,등록,현대,199,0
그랜저IG 3.0,22000000,56,60500,기타,2999,7.6,전륜 FF,28.6,등록,현대,235,1
그랜저HG 220,11000000,79,137100,디젤,2199,14,전륜 FF,45,등록,현대,202,0
그랜저IG,27000000,58,26416,LPG,2999,7.4,전륜 FF,28.6,미등록,현대,235,1
그랜저IG 3.0,21300000,49,92170,가솔린,2999,10.1,전륜 FF,31.4,등록,현대,266,1
그랜저IG,23900000,43,14983,가솔린,2359,11.2,전륜 FF,24.6,미등록,현대,190,0
더 뉴 그랜저 하이브리드,41500000,27,17900,기타,2359,15.2,전륜 FF,21,등록,현대,159,0
그랜저TG,2490000,191,132949,가솔린,2359,10.4,전륜 FF,22.6,등록,현대,164,0
그랜저 뉴 럭셔리,3000000,177,165000,LPG,2656,7.6,전륜 FF,25,등록,현대,165,0
그랜저IG 3.0,23900000,37,57778,가솔린,2999,10.1,전륜 FF,31.4,등록,현대,266,1
그랜저IG 2.4,10000,39,61250,가솔린,2359,11.2,전륜 FF,24.6,등록,현대,190,0
그랜저IG 2.4,14300000,51,167192,가솔린,2359,11.2,전륜 FF,24.6,등록,현대,190,1
그랜저IG,17900000,69,76624,가솔린,2359,11.2,전륜 FF,24.6,미등록,현대,190,1
그랜저HG 하이브리드,11900000,103,100732,기타,2359,16,전륜 FF,26.7,미등록,현대,199,0
그랜저IG,16900000,63,136266,LPG,2999,7.6,전륜 FF,28.6,미등록,현대,235,1
그랜저HG,8990000,134,128385,가솔린,2999,11.6,전륜 FF,31.5,미등록,현대,270,0
그랜저HG,9300000,109,157250,가솔린,2999,10.4,전륜 FF,31.5,미등록,현대,270,0
그랜저HG 300,8500000,122,163000,LPG,2999,8.9,전륜 FF,28.6,등록,현대,235,0
더 뉴 그랜저 하이브리드,40500000,48,34000,기타,2359,15.2,전륜 FF,21,등록,현대,159,0
더 뉴 그랜저 하이브리드,36990000,29,34000,기타,2359,15.2,전륜 FF,21,미등록,현대,159,0
그랜저HG,5300000,123,214175,가솔린,2359,12.8,전륜 FF,25.5,미등록,현대,201,0
더 뉴 그랜저 3.0,31000000,23,14500,LPG,2999,7.5,전륜 FF,28.6,등록,현대,235,1
그랜저HG 240,7500000,99,158000,가솔린,2359,11.3,전륜 FF,25.5,등록,현대,201,0
더 뉴 그랜저 2.5,33000000,27,22222,가솔린,2497,11.1,전륜 FF,25.3,등록,현대,198,0
더 뉴 그랜저,14600000,33,56000,LPG,2999,7.5,전륜 FF,28.6,미등록,현대,235,0
더 뉴 그랜저,40500000,19,2400,가솔린,2497,11.1,전륜 FF,25.3,미등록,현대,198,1
그랜저IG,21990000,59,75276,가솔린,2999,10.1,전륜 FF,31.4,등록,현대,266,1
그랜저HG,14800000,87,127500,가솔린,2359,11.3,전륜 FF,25.5,미등록,현대,190,0
그랜저IG,18990000,63,87500,LPG,2999,7.6,전륜 FF,28.6,미등록,현대,235,0
그랜저TG,3600000,187,64743,가솔린,2656,9.7,전륜 FF,25.6,미등록,현대,195,0
그랜저HG,6400000,141,164729,가솔린,3342,10.9,전륜 FF,35.3,미등록,현대,294,0
그랜저IG,25200000,52,62000,가솔린,2359,11,전륜 FF,24.6,미등록,현대,190,0
그랜저HG,12000000,113,110000,가솔린,2999,12,전륜 FF,31.5,미등록,현대,270,0
YF쏘나타,2500000,147,123288,가솔린,1998,12.8,전륜 FF,20.2,등록,현대,165,0
쏘나타 2.0,17490000,42,66805,가솔린,1999,12.9,전륜 FF,20,등록,현대,160,1
쏘나타 더 브릴리언트,5700000,115,142650,LPG,1999,9.3,전륜 FF,20,등록,현대,157,0
쏘나타 뉴 라이즈,20300000,55,28891,가솔린,1999,12,전륜 FF,20,미등록,현대,163,1
쏘나타 2.0,15500000,43,72055,가솔린,1999,12.3,전륜 FF,20,등록,현대,160,1
쏘나타 2.0,16990000,43,54980,가솔린,1999,12.3,전륜 FF,20,등록,현대,160,1
YF쏘나타,4400000,145,153000,LPG,1998,10.5,전륜 FF,20,등록,현대,157,0
YF쏘나타 2.0,4800000,140,133801,가솔린,1998,12,전륜 FF,36,등록,현대,203,0
NF쏘나타 트랜스폼,2500000,192,180787,LPG,1998,9,전륜 FF,19,등록,현대,141,0
YF쏘나타 2.0,5700000,146,87556,가솔린,1998,12.8,전륜 FF,20.2,등록,현대,165,0
쏘나타 2.0,15990000,42,85033,가솔린,1999,12.9,전륜 FF,20,등록,현대,160,1
YF쏘나타 2.0,4700000,155,47757,가솔린,1998,14,전륜 FF,20.5,등록,현대,172,0
LF쏘나타 2.0,6600000,94,130763,가솔린,1999,12.6,전륜 FF,20.5,등록,현대,168,0
쏘나타 더 브릴리언트,5990000,128,78794,가솔린,1999,14,전륜 FF,20.5,등록,현대,172,0
LF쏘나타 하이브리드,16000000,70,142000,기타,1999,12,전륜 FF,36,등록,현대,203,0
쏘나타 뉴 라이즈,13600000,66,100603,가솔린,1999,12,전륜 FF,20,등록,현대,163,0
LF쏘나타 1.7,12500000,91,70059,디젤,1685,16.5,전륜 FF,34.7,등록,현대,141,0
쏘나타 2.0,21700000,47,19725,가솔린,1999,12.9,전륜 FF,20,등록,현대,160,1
쏘나타 2.0,18700000,41,108105,가솔린,1999,12.9,전륜 FF,20,등록,현대,160,1
LF쏘나타,6500000,104,194683,가솔린,1999,12.1,전륜 FF,20.5,등록,현대,168,0
LF쏘나타 2.0,13200000,108,32581,가솔린,1999,12.1,전륜 FF,20.5,등록,현대,168,0
NF쏘나타 트랜스폼,2500000,175,152965,LPG,1998,9,전륜 FF,19,등록,현대,141,0
쏘나타,13000000,47,104472,LPG,1999,9.5,전륜 FF,19.5,등록,현대,146,1
YF쏘나타 2.0,2900000,151,150000,가솔린,1998,14,전륜 FF,20.5,등록,현대,172,0
YF쏘나타 2.0,3900000,147,100000,LPG,1998,10.5,전륜 FF,20,등록,현대,157,0
쏘나타 더 브릴리언트,8690000,112,134879,가솔린,1999,14,전륜 FF,20.5,미등록,현대,172,0
YF쏘나타,4900000,122,141689,가솔린,1998,14,전륜 FF,20.5,미등록,현대,172,0
쏘나타 하이브리드,7500000,129,124000,기타,1999,21,전륜 FF,18.3,등록,현대,150,0
LF쏘나타 2.0,7200000,96,146000,LPG,1999,9.6,전륜 FF,19.8,등록,현대,151,0
쏘나타 더 브릴리언트,3990000,114,178000,가솔린,1999,14.7,전륜 FF,20.5,등록,현대,172,0
LF쏘나타 2.0,6500000,100,135000,LPG,1999,9.6,전륜 FF,19.8,등록,현대,151,0
YF쏘나타 2.0,4700000,155,136000,가솔린,1998,13,전륜 FF,20.2,등록,현대,165,0
쏘나타 2.0,22990000,43,18690,가솔린,1999,12.9,전륜 FF,20,등록,현대,160,1
쏘나타 뉴 라이즈,16100000,67,70646,가솔린,1999,11.6,전륜 FF,20,등록,현대,163,0
쏘나타 2.0,25000000,41,45378,가솔린,1999,13,전륜 FF,20,등록,현대,160,1
쏘나타 2.0,19490000,43,50787,가솔린,1999,12.9,전륜 FF,20,등록,현대,160,1
LF쏘나타 2.0,10700000,77,67476,가솔린,1999,12.6,전륜 FF,20.5,등록,현대,168,0
쏘나타 2.0,26600000,44,29881,LPG,1999,9.8,전륜 FF,19.5,등록,현대,146,1
YF쏘나타 2.0,3100000,167,127621,LPG,1998,10.5,전륜 FF,20,등록,현대,157,0
LF쏘나타 2.0,7100000,101,75031,가솔린,1999,11.6,전륜 FF,20.5,등록,현대,168,0
YF쏘나타 2.0,2800000,145,143883,LPG,1998,10.5,전륜 FF,20,등록,현대,157,0
YF쏘나타 2.0,2600000,145,101114,가솔린,1998,12.8,전륜 FF,20.2,등록,현대,165,0
쏘나타 더 브릴리언트,4800000,109,118000,가솔린,1999,14.7,전륜 FF,20.5,등록,현대,172,0
쏘나타,20300000,32,12840,가솔린,1999,12.9,전륜 FF,20,등록,현대,160,0
YF쏘나타 2.0,2490000,125,169617,가솔린,1999,14,전륜 FF,20.5,등록,현대,172,0
LF쏘나타 2.0,8500000,101,47000,가솔린,1999,12,전륜 FF,20.5,등록,현대,168,0
쏘나타 뉴 라이즈,12500000,69,52000,가솔린,1591,12.8,전륜 FF,27,등록,현대,180,0
LF쏘나타 2.0,5300000,84,110500,LPG,1999,9.6,전륜 FF,19.8,등록,현대,151,0
쏘나타 하이브리드,4990000,113,129000,기타,1999,16.8,전륜 FF,27,등록,현대,191,0
쏘나타 더 브릴리언트,4200000,97,76000,LPG,1999,9.3,전륜 FF,20,등록,현대,157,0
YF쏘나타 2.0,2500000,148,199000,LPG,1998,10.5,전륜 FF,20,등록,현대,157,0
YF쏘나타 2.0,3200000,141,141300,LPG,1999,10.5,전륜 FF,20,등록,현대,157,0
LF쏘나타,9400000,96,88941,디젤,1685,16.8,전륜 FF,34.7,등록,현대,141,0
쏘나타 더 브릴리언트,7000000,119,148259,LPG,1999,9.3,전륜 FF,20,등록,현대,157,0
YF쏘나타 2.0,3200000,155,99337,LPG,1998,10.5,전륜 FF,20,등록,현대,157,0
YF쏘나타 2.0,2590000,147,109660,가솔린,1998,12.8,전륜 FF,20.2,등록,현대,165,0
YF쏘나타 2.0,3500000,135,128318,LPG,1998,10.5,전륜 FF,20,등록,현대,157,0
LF쏘나타 2.0,6900000,100,47000,LPG,1999,9.6,전륜 FF,19.8,등록,현대,151,0
LF쏘나타 2.0,9900000,100,113000,가솔린,1999,12.1,전륜 FF,20.5,등록,현대,168,0
LF쏘나타 2.0,10900000,88,127000,가솔린,1999,12.1,전륜 FF,20.5,등록,현대,168,0
LF쏘나타 2.0,12890000,73,64000,LPG,1999,9.6,전륜 FF,19.8,등록,현대,151,0
쏘나타 하이브리드,25900000,46,81000,기타,1999,19.1,전륜 FF,27,등록,현대,195,1
LF쏘나타 2.0,8990000,104,117070,가솔린,1999,12.1,전륜 FF,20.5,등록,현대,168,0
쏘나타 2.0,13990000,41,110579,가솔린,1999,12.9,전륜 FF,20,등록,현대,160,1
YF쏘나타 2.0,4900000,151,116126,가솔린,1998,14,전륜 FF,20.5,등록,현대,172,0
LF쏘나타 2.0,7990000,89,109235,가솔린,1999,12.1,전륜 FF,20.5,등록,현대,168,0
LF쏘나타 2.0,7900000,106,93881,가솔린,1999,12.1,전륜 FF,20.5,등록,현대,168,0
쏘나타 더 브릴리언트,4990000,132,110424,가솔린,1999,14,전륜 FF,20.5,등록,현대,172,0
LF쏘나타 1.7,9900000,96,120739,디젤,1685,16.5,전륜 FF,34.7,등록,현대,141,0
YF쏘나타 2.0,4500000,166,136830,LPG,1998,10.5,전륜 FF,20,등록,현대,157,0
LF쏘나타 2.0,6990000,86,156784,가솔린,1999,12.1,전륜 FF,20.5,등록,현대,168,0
쏘나타 2.0,15990000,42,88373,LPG,1999,9.5,전륜 FF,19.5,등록,현대,146,1
LF쏘나타,10200000,62,141231,LPG,1999,9.5,전륜 FF,19.8,미등록,현대,151,0
쏘나타 하이브리드,28800000,25,65000,기타,1999,19.1,전륜 FF,27,등록,현대,195,1
YF쏘나타 2.0,5400000,142,164578,가솔린,1998,12.8,전륜 FF,37.1,등록,현대,271,0
쏘나타 뉴 라이즈,11400000,56,87003,LPG,1999,9.4,전륜 FF,19.8,등록,현대,151,1
NF쏘나타 트랜스폼,1700000,178,115000,LPG,1998,9,전륜 FF,19,등록,현대,141,0
YF쏘나타,3900000,154,137000,가솔린,1998,14,전륜 FF,20.5,미등록,현대,172,0
LF쏘나타,14500000,87,62224,가솔린,1998,10.8,전륜 FF,36,미등록,현대,245,0
쏘나타 뉴 라이즈,14500000,57,54649,LPG,1999,9.5,전륜 FF,19.8,등록,현대,151,0
LF쏘나타 2.0,6300000,103,220500,LPG,1999,9.6,전륜 FF,19.8,등록,현대,151,0
쏘나타 1.6,19900000,27,59352,가솔린,1598,13.2,전륜 FF,27,등록,현대,180,1
LF쏘나타 2.0,14990000,88,53000,LPG,1999,9.6,전륜 FF,19.8,등록,현대,151,0
LF쏘나타 2.0,14500000,84,47866,가솔린,1999,12.6,전륜 FF,20.5,등록,현대,168,0
LF쏘나타 하이브리드,14400000,88,117828,기타,1999,12,전륜 FF,36,등록,현대,203,0
LF쏘나타,9990000,95,110528,가솔린,1999,12.6,전륜 FF,20.5,등록,현대,168,0
쏘나타 뉴 라이즈,10000000,46,201920,LPG,1999,9.4,전륜 FF,19.8,등록,현대,151,0
쏘나타 하이브리드,8990000,144,118546,기타,1999,21,전륜 FF,18.3,미등록,현대,150,0
LF쏘나타,11200000,85,100877,가솔린,1999,12.1,전륜 FF,20.5,미등록,현대,168,0
쏘나타,17890000,45,89909,LPG,1999,10.3,전륜 FF,19.5,등록,현대,146,1
NF쏘나타 2.0,1650000,197,207500,LPG,1998,12,전륜 FF,36,등록,현대,203,0
쏘나타,21000000,41,66700,가솔린,1999,12.9,전륜 FF,20,미등록,현대,160,1
NF쏘나타 트랜스폼,2500000,175,165000,LPG,1998,9,전륜 FF,19,등록,현대,141,0
LF쏘나타,14000000,101,108397,가솔린,2359,11.5,전륜 FF,25.5,미등록,현대,193,0
쏘나타 하이브리드,23900000,48,92481,기타,1999,20.1,전륜 FF,27,등록,현대,195,1
쏘나타 뉴 라이즈,20300000,37,1944,가솔린,1999,12,전륜 FF,20,미등록,현대,163,1
LF쏘나타,11300000,89,131392,LPG,1999,9.5,전륜 FF,19.8,미등록,현대,151,0
YF쏘나타,4300000,168,132000,LPG,1998,10.5,전륜 FF,20,미등록,현대,157,0
YF쏘나타,5700000,149,139000,가솔린,1998,12.8,전륜 FF,20.2,미등록,현대,165,0
LF쏘나타,12500000,103,71000,가솔린,1999,11.6,전륜 FF,20.5,미등록,현대,168,0
쏘나타 더 브릴리언트,7300000,129,108000,LPG,1999,9.3,전륜 FF,20,미등록,현대,157,0
더 뉴 아반떼 1.6,5500000,107,52465,가솔린,1591,14,전륜 FF,16.9,등록,현대,140,0
아반떼AD,11300000,83,27000,가솔린,1591,13.7,전륜 FF,16.3,등록,현대,132,0
더 뉴 아반떼AD,10690000,38,62177,가솔린,1598,15.2,전륜 FF,15.7,등록,현대,123,1
아반떼MD,5900000,138,129462,가솔린,1591,12,전륜 FF,36,미등록,현대,203,0
아반떼AD,8500000,77,61917,디젤,1582,18.4,전륜 FF,26.5,등록,현대,136,0
올 뉴 아반떼 1.6,16000000,33,37519,가솔린,1598,12,전륜 FF,36,등록,현대,203,1
올 뉴 아반떼 1.6,16900000,30,69724,가솔린,1598,14.9,전륜 FF,15.7,등록,현대,123,1
올 뉴 아반떼 1.6,18400000,18,18784,가솔린,1598,12.8,전륜 FF,27,등록,현대,204,1
아반떼AD 1.6,9500000,51,41303,디젤,1582,18.4,전륜 FF,26.9,등록,현대,136,1
아반떼MD 1.6,4300000,123,106641,가솔린,1591,12,전륜 FF,36,등록,현대,203,0
올 뉴 아반떼 1.6,21700000,18,64680,가솔린,1598,12.8,전륜 FF,27,등록,현대,204,1
아반떼AD 1.6,10700000,79,104897,가솔린,1591,12,전륜 FF,26.9,등록,현대,204,0
올 뉴 아반떼,15200000,30,51667,가솔린,1598,12,전륜 FF,36,등록,현대,203,1
더 뉴 아반떼AD,13200000,38,13572,가솔린,1598,15.2,전륜 FF,15.7,등록,현대,123,1
더 뉴 아반떼AD,14800000,31,45146,가솔린,1598,15.2,전륜 FF,15.7,등록,현대,123,1
더 뉴 아반떼,5200000,114,120408,가솔린,1591,14,전륜 FF,16.9,등록,현대,140,0
아반떼MD,4600000,125,166691,가솔린,1591,16.5,전륜 FF,17,등록,현대,140,0
더 뉴 아반떼AD 1.6,13400000,27,55020,가솔린,1598,15.2,전륜 FF,15.7,등록,현대,123,1
더 뉴 아반떼 1.6,8800000,104,40219,가솔린,1591,14,전륜 FF,16.9,등록,현대,140,0
아반떼AD,9900000,77,121762,가솔린,1591,12,전륜 FF,26.9,미등록,현대,204,0
아반떼AD,11500000,69,106802,가솔린,1591,12,전륜 FF,26.9,미등록,현대,204,1
더 뉴 아반떼,6990000,108,76300,가솔린,1582,16.2,전륜 FF,28.6,등록,현대,128,0
올 뉴 아반떼 1.6,23300000,32,20305,가솔린,1598,14.9,전륜 FF,15.7,등록,현대,123,1
올 뉴 아반떼 1.6,19990000,33,20709,가솔린,1598,15.4,전륜 FF,15.7,등록,현대,123,1
올 뉴 아반떼 1.6,20990000,31,17208,가솔린,1598,15.4,전륜 FF,15.7,등록,현대,123,1
더 뉴 아반떼AD 1.6,10990000,59,70230,가솔린,1598,15.2,전륜 FF,15.7,등록,현대,123,1
더 뉴 아반떼AD 1.6,12990000,59,57601,가솔린,1598,15.2,전륜 FF,15.7,등록,현대,123,1
아반떼AD 1.6,8990000,63,108557,가솔린,1591,13.1,전륜 FF,16.3,등록,현대,132,0
아반떼AD 1.6,8990000,74,123846,가솔린,1591,13.7,전륜 FF,16.3,등록,현대,132,0
더 뉴 아반떼AD 1.6,12990000,48,43002,가솔린,1598,15.2,전륜 FF,15.7,등록,현대,123,1
아반떼AD 1.6,11990000,41,94470,가솔린,1598,13.7,전륜 FF,16.3,등록,현대,132,1
더 뉴 아반떼AD 1.6,12500000,40,46287,가솔린,1598,15.2,전륜 FF,15.7,등록,현대,123,1
아반떼AD 1.6,7700000,62,119563,디젤,1582,18.4,전륜 FF,26.9,등록,현대,136,0
더 뉴 아반떼AD 1.6,12500000,59,39708,가솔린,1598,15.2,전륜 FF,15.7,등록,현대,123,1
아반떼AD 1.6,8800000,95,64024,가솔린,1591,13.7,전륜 FF,16.3,등록,현대,132,0
아반떼AD 1.6,10990000,96,35094,가솔린,1591,13.7,전륜 FF,16.3,등록,현대,132,0
올 뉴 아반떼,2000000,11,10,가솔린,1598,15.4,전륜 FF,15.7,등록,현대,123,1
올 뉴 아반떼,2000000,11,15,가솔린,1598,15.4,전륜 FF,15.7,등록,현대,123,1
아반떼MD 1.6,4000000,141,100000,가솔린,1591,12,전륜 FF,36,등록,현대,203,0
아반떼 쿠페,7500000,115,51000,가솔린,1999,12.4,전륜 FF,21.3,등록,현대,175,0
아반떼MD 1.6,4500000,139,124000,가솔린,1591,16.5,전륜 FF,16.9,등록,현대,140,0
아반떼AD 1.6,7700000,72,64000,가솔린,1591,11.6,전륜 FF,36,등록,현대,203,1
아반떼AD 1.6,9500000,73,78000,가솔린,1591,13.7,전륜 FF,16.3,등록,현대,132,0
아반떼AD 1.6,4990000,94,139000,디젤,1582,18.4,전륜 FF,26.5,등록,현대,136,0
더 뉴 아반떼 1.6,7500000,120,130000,가솔린,1591,14,전륜 FF,16.9,등록,현대,140,0
아반떼 N 2.0,31990000,1,10000,가솔린,1998,10.4,전륜 FF,40,등록,현대,280,1
아반떼AD 1.6,9990000,65,73284,가솔린,1591,12,전륜 FF,26.9,등록,현대,204,0
아반떼AD 1.6,6800000,75,59362,가솔린,1591,13.7,전륜 FF,16.3,등록,현대,132,0
아반떼MD 1.6,2900000,136,108451,가솔린,1591,16.5,전륜 FF,16.9,등록,현대,140,0
아반떼 N 2.0,30500000,21,9700,가솔린,1998,10.4,전륜 FF,40,등록,현대,280,1
아반떼MD 1.6,2900000,130,92000,가솔린,1591,13.9,전륜 FF,16.9,등록,현대,140,0
아반떼MD 1.6,2990000,129,83000,가솔린,1591,12,전륜 FF,16.9,등록,현대,140,0
아반떼AD 1.6,9500000,72,9700,가솔린,1591,13.1,전륜 FF,16.3,등록,현대,132,1
아반떼MD 1.6,2800000,156,138000,가솔린,1591,12,전륜 FF,36,등록,현대,203,0
아반떼MD 1.6,3990000,142,129880,가솔린,1591,16.5,전륜 FF,17,등록,현대,140,0
아반떼AD 1.6,6500000,74,21000,가솔린,1591,13.7,전륜 FF,16.3,등록,현대,132,0
아반떼AD 1.6,7700000,95,83248,가솔린,1591,13.7,전륜 FF,16.3,등록,현대,132,0
더 뉴 아반떼 1.6,8500000,99,150000,가솔린,1591,14,전륜 FF,16.9,등록,현대,140,0
아반떼MD 1.6,2990000,153,91435,가솔린,1591,16.5,전륜 FF,17,등록,현대,140,0
아반떼AD,9990000,95,50673,가솔린,1591,13.7,전륜 FF,16.3,등록,현대,132,0
아반떼AD 1.6,7890000,75,100586,가솔린,1591,13.7,전륜 FF,16.3,등록,현대,132,0
아반떼MD 1.6,3500000,133,111689,가솔린,1591,13.9,전륜 FF,16.9,등록,현대,140,0
더 뉴 아반떼AD 1.6,13400000,38,44371,가솔린,1598,15.2,전륜 FF,15.7,등록,현대,123,1
아반떼AD 1.6,8900000,94,108677,디젤,1582,16.2,전륜 FF,28.6,등록,현대,128,0
아반떼AD 1.6,9600000,49,62243,가솔린,1591,13.1,전륜 FF,16.3,등록,현대,132,1
아반떼AD 1.6,5990000,94,83145,디젤,1582,18.4,전륜 FF,26.5,등록,현대,136,0
아반떼AD 1.6,6990000,95,105460,디젤,1582,17.7,전륜 FF,28.6,등록,현대,136,0
아반떼MD 1.6,4990000,133,98119,가솔린,1591,16.5,전륜 FF,17,등록,현대,140,0
아반떼AD 1.6,9600000,94,85495,가솔린,1591,12,전륜 FF,16.9,등록,현대,140,0
아반떼AD 1.6,7600000,84,109725,가솔린,1591,13.7,전륜 FF,16.3,등록,현대,132,0
아반떼AD 1.6,8600000,62,95226,가솔린,1591,13.1,전륜 FF,16.3,등록,현대,132,0
아반떼MD 1.6,4990000,127,77300,가솔린,1591,16.5,전륜 FF,17,등록,현대,140,0
아반떼 N 2.0,31900000,6,6230,가솔린,1998,10.4,전륜 FF,40,등록,현대,280,1
올 뉴 아반떼,17300000,30,42000,가솔린,1598,12,전륜 FF,36,미등록,현대,203,1
더 뉴 아반떼AD,15800000,58,50600,가솔린,1598,15.2,전륜 FF,15.7,미등록,현대,123,0
올 뉴 아반떼 1.6,25100000,22,22276,가솔린,1598,12.8,전륜 FF,27,등록,현대,204,1
아반떼AD,14900000,54,80800,가솔린,1591,11.6,전륜 FF,36,미등록,현대,203,1
아반떼AD,15400000,61,73798,가솔린,1591,12,전륜 FF,26.9,등록,현대,204,0
아반떼AD,13200000,69,97000,가솔린,1591,12,전륜 FF,26.9,미등록,현대,204,0
아반떼AD,12000000,62,160376,가솔린,1591,12,전륜 FF,26.9,미등록,현대,204,0
아반떼MD,3100000,135,125100,가솔린,1591,16.5,전륜 FF,17,미등록,현대,140,0
아반떼AD,15900000,62,64000,가솔린,1591,12,전륜 FF,26.9,미등록,현대,204,0
올 뉴 아반떼 1.6,23200000,28,38305,가솔린,1598,14.9,전륜 FF,15.7,등록,현대,123,1
아반떼AD,9900000,78,88860,가솔린,1591,11.6,전륜 FF,36,미등록,현대,203,0
아반떼AD,6300000,62,150000,LPG,1591,10.6,전륜 FF,15.5,미등록,현대,120,0
더 뉴 아반떼 1.6,8000000,87,83000,가솔린,1591,14,전륜 FF,16.9,등록,현대,140,0
더 뉴 아반떼 1.6,8000000,116,122000,가솔린,1591,14,전륜 FF,16.9,등록,현대,140,0
아반떼 N 2.0,38000000,22,3048,가솔린,1998,10.4,전륜 FF,40,등록,현대,280,1
더 뉴 아반떼,11300000,88,5300,가솔린,1591,13.7,전륜 FF,16.3,미등록,현대,132,0
올 뉴 아반떼,19490000,35,38078,가솔린,1598,12.3,전륜 FF,27,미등록,현대,204,1
올 뉴 아반떼,16990000,34,45000,가솔린,1598,15.4,전륜 FF,15.7,미등록,현대,123,1
올 뉴 아반떼,1000000,19,11600,가솔린,1598,15.4,전륜 FF,15.7,등록,현대,123,1
아반떼AD 1.6,11000000,63,114781,LPG,1591,10.6,전륜 FF,15.5,등록,현대,120,0
아반떼MD,6200000,136,125510,가솔린,1591,16.5,전륜 FF,16.9,미등록,현대,140,0
아반떼AD 1.6,6800000,61,64441,가솔린,1591,13.1,전륜 FF,16.3,등록,현대,132,0
올 뉴 아반떼,21990000,18,16000,가솔린,1598,12.3,전륜 FF,27,미등록,현대,204,1
아반떼MD 1.6,6500000,131,66500,가솔린,1591,13.9,전륜 FF,17,등록,현대,140,0
아반떼AD 1.6,12000000,78,91500,가솔린,1591,13.1,전륜 FF,16.3,등록,현대,132,0
아반떼AD,9700000,73,88610,디젤,1582,18.4,전륜 FF,26.5,미등록,현대,136,0
아반떼AD,13600000,65,62000,가솔린,1591,13.1,전륜 FF,16.3,미등록,현대,132,0
아반떼AD,12500000,82,83200,가솔린,1591,11.6,전륜 FF,36,미등록,현대,203,0
아반떼MD,6900000,109,89750,가솔린,1591,16.5,전륜 FF,17,미등록,현대,140,0
아반떼AD,17990000,54,39684,가솔린,1591,12,전륜 FF,26.9,미등록,현대,204,1
아반떼MD,6600000,121,123000,가솔린,1591,12,전륜 FF,36,미등록,현대,203,0
뉴 에쿠스 5.0,9500000,137,164586,가솔린,5038,8.8,후륜 ,52,등록,현대,430,0
뉴 에쿠스 3.8,10900000,97,157980,가솔린,3778,8.9,후륜 ,40.3,등록,현대,334,0
뉴 에쿠스 5.0,9300000,142,162503,가솔린,5038,8.8,후륜 ,52,등록,현대,430,0
뉴 에쿠스 5.0,11500000,97,235311,가솔린,5038,8.1,후륜 ,52,등록,현대,416,0
뉴 에쿠스 3.8,5600000,163,163798,가솔린,3778,9.3,후륜 ,36.5,등록,현대,290,0
뉴 에쿠스,7500000,131,210870,가솔린,3778,9.7,후륜 ,40.3,등록,현대,334,0
뉴 에쿠스 3.8,7500000,134,182887,가솔린,3778,9.3,후륜 ,36.5,등록,현대,290,0
뉴 에쿠스 3.8,15900000,112,88842,가솔린,3778,8.9,후륜 ,40.3,등록,현대,334,0
뉴 에쿠스 3.8,14900000,120,107962,가솔린,3778,8.9,후륜 ,40.3,등록,현대,334,0
뉴 에쿠스 3.8,7800000,164,194124,가솔린,3778,9.3,후륜 ,36.5,등록,현대,290,0
뉴 에쿠스 3.8,7700000,135,169826,가솔린,3778,9.7,후륜 ,40.3,등록,현대,334,0
뉴 에쿠스 3.8,10500000,138,181135,가솔린,3778,9.7,후륜 ,40.3,등록,현대,334,0
뉴 에쿠스 4.6,6900000,160,148000,가솔린,4627,8.8,후륜 ,44.8,등록,현대,366,0
뉴 에쿠스 3.8,6900000,165,115000,가솔린,3778,9.3,후륜 ,36.5,등록,현대,290,0
뉴 에쿠스 4.6,6000000,152,201000,가솔린,4627,8.8,후륜 ,44.8,등록,현대,366,0
뉴 에쿠스 3.8,6700000,146,117000,가솔린,3778,9.3,후륜 ,36.5,등록,현대,290,0
뉴 에쿠스 3.8,9100000,141,102000,가솔린,3778,9.7,후륜 ,40.3,등록,현대,334,0
뉴 에쿠스 3.8,4990000,161,211000,가솔린,3778,9.3,후륜 ,36.5,등록,현대,290,0
뉴 에쿠스 3.8,6500000,126,148000,가솔린,3778,9.7,후륜 ,40.3,등록,현대,334,0
뉴 에쿠스 4.6,5990000,167,202000,가솔린,4627,8.8,후륜 ,44.8,등록,현대,366,0
뉴 에쿠스 4.6,8000000,165,110000,가솔린,4627,8.8,후륜 ,44.8,등록,현대,366,0
뉴 에쿠스 3.8,21000000,105,76460,가솔린,3778,8.9,후륜 ,40.3,등록,현대,334,0
뉴 에쿠스 3.8,19900000,117,74055,가솔린,3778,8.9,후륜 ,40.3,등록,현대,334,0
뉴 에쿠스 3.8,6200000,124,90000,가솔린,3778,9.7,후륜 ,40.3,등록,현대,334,0
뉴 에쿠스 3.8,8900000,146,144000,가솔린,3778,9.3,후륜 ,36.5,등록,현대,290,0
뉴 에쿠스,9850000,143,121987,가솔린,3778,9.7,후륜 ,40.3,등록,현대,334,0
뉴 에쿠스 3.8,13950000,102,178248,가솔린,3778,8.9,후륜 ,40.3,등록,현대,334,0
뉴 에쿠스 3.8,7900000,165,173756,가솔린,3778,9.3,후륜 ,36.5,등록,현대,290,0
뉴 에쿠스 3.8,10200000,138,131000,가솔린,3778,9.3,후륜 ,36.5,등록,현대,290,0
뉴 에쿠스,16500000,148,53000,가솔린,3778,9.3,후륜 ,36.5,미등록,현대,290,0
뉴 에쿠스,19500000,151,30570,가솔린,3778,9.3,후륜 ,36.5,미등록,현대,290,0
뉴 에쿠스 3.8,9500000,147,99481,가솔린,3778,9.3,후륜 ,36.5,등록,현대,290,0
뉴 에쿠스 4.6,5990000,167,202000,가솔린,4627,8.8,후륜 ,44.8,등록,현대,366,0
뉴 에쿠스 4.6,8000000,165,110000,가솔린,4627,8.8,후륜 ,44.8,등록,현대,366,0
뉴 에쿠스 3.8,21000000,105,76460,가솔린,3778,8.9,후륜 ,40.3,등록,현대,334,0
뉴 에쿠스 3.8,19900000,117,74055,가솔린,3778,8.9,후륜 ,40.3,등록,현대,334,0
뉴 에쿠스 3.8,6200000,124,90000,가솔린,3778,9.7,후륜 ,40.3,등록,현대,334,0
뉴 에쿠스 3.8,8900000,146,144000,가솔린,3778,9.3,후륜 ,36.5,등록,현대,290,0
뉴 에쿠스,9850000,143,121987,가솔린,3778,9.7,후륜 ,40.3,등록,현대,334,0
뉴 에쿠스 3.8,13950000,102,178248,가솔린,3778,8.9,후륜 ,40.3,등록,현대,334,0
뉴 에쿠스 3.8,7900000,165,173756,가솔린,3778,9.3,후륜 ,36.5,등록,현대,290,0
뉴 에쿠스 3.8,10200000,138,131000,가솔린,3778,9.3,후륜 ,36.5,등록,현대,290,0
뉴 에쿠스,16500000,148,53000,가솔린,3778,9.3,후륜 ,36.5,미등록,현대,290,0
뉴 에쿠스,19500000,151,30570,가솔린,3778,9.3,후륜 ,36.5,미등록,현대,290,0
뉴 에쿠스 3.8,9500000,147,99481,가솔린,3778,9.3,후륜 ,36.5,등록,현대,290,0
뉴 에쿠스,13300000,168,242155,가솔린,5038,8,후륜 ,51,미등록,현대,400,0
뉴 에쿠스,11000000,154,132663,가솔린,3778,9.3,후륜 ,36.5,등록,현대,290,0
뉴 에쿠스,12900000,113,181636,가솔린,3778,8.9,후륜 ,40.3,미등록,현대,334,0
뉴 에쿠스,17400000,132,96248,가솔린,3778,8.9,후륜 ,40.3,미등록,현대,334,0
뉴 에쿠스,16500000,117,191000,가솔린,3778,8.9,후륜 ,40.3,미등록,현대,334,0
더 뉴 그랜드스타렉스 2.5,17600000,54,143611,디젤,2497,9.3,후륜 ,46,등록,현대,175,0
더 뉴 그랜드스타렉스 2.5,14300000,51,134495,디젤,2497,9.3,후륜 ,46,등록,현대,175,0
더 뉴 그랜드스타렉스 2.5,15800000,55,118924,디젤,2497,9.3,후륜 ,46,등록,현대,175,0
그랜드스타렉스 2.5,6300000,122,142039,디젤,2497,11.6,후륜 ,41,등록,현대,174,0
더 뉴 그랜드스타렉스 2.5,15900000,59,88156,디젤,2497,9.3,후륜 ,46,등록,현대,175,0
그랜드스타렉스 2.5,9400000,176,112850,디젤,2497,11.6,후륜 ,41,등록,현대,174,0
그랜드스타렉스,11900000,133,85890,디젤,2497,11.6,후륜 ,41,등록,현대,174,0
그랜드스타렉스,14100000,91,58456,디젤,2497,11.6,후륜 ,41,등록,현대,174,0
그랜드스타렉스 2.5,9200000,73,203990,디젤,2497,12,후륜 ,46,등록,현대,175,0
그랜드스타렉스 2.5,15600000,90,76810,디젤,2497,11.5,후륜 ,41,등록,현대,174,0
그랜드스타렉스,12790000,108,83923,디젤,2497,12,후륜 ,46,등록,현대,175,0
뉴스타렉스 2.5,2500000,196,143855,디젤,2497,10,후륜 ,33,등록,현대,145,0
그랜드스타렉스 2.5,7300000,131,119951,디젤,2497,11.6,후륜 ,41,등록,현대,174,0
더 뉴 그랜드스타렉스 2.5,15800000,47,96000,디젤,2497,9.3,후륜 ,46,등록,현대,175,0
그랜드스타렉스 2.5,4900000,167,223000,디젤,2497,11.6,후륜 ,41,등록,현대,174,0
그랜드스타렉스 2.5,4900000,165,165000,디젤,2497,11.6,후륜 ,41,등록,현대,174,0
더 뉴 그랜드스타렉스 2.5,17500000,51,86000,디젤,2497,9.3,후륜 ,46,등록,현대,175,0
더 뉴 그랜드스타렉스 2.5,15600000,49,109000,디젤,2497,9.3,후륜 ,46,등록,현대,175,0
더 뉴 그랜드스타렉스 2.5,13600000,58,119000,디젤,2497,9.3,후륜 ,46,등록,현대,175,0
뉴스타렉스 캠핑카,13990000,208,190000,디젤,2476,12,전륜 FF,36,등록,현대,203,0
그랜드스타렉스 캠핑카,19000000,171,85206,디젤,2497,12,전륜 FF,36,등록,현대,174,0
스타렉스 캠핑카,13990000,198,190000,디젤,2476,12,전륜 FF,36,등록,현대,203,0
그랜드스타렉스 2.5,4000000,171,207211,디젤,2497,11.6,후륜 ,41,등록,현대,174,0
그랜드스타렉스 2.5,5400000,127,176512,디젤,2497,11.6,후륜 ,41,등록,현대,174,0
그랜드스타렉스 2.5,6000000,143,104154,디젤,2497,11.6,후륜 ,41,등록,현대,174,0
더 뉴 그랜드스타렉스 2.5,14900000,40,142200,디젤,2497,9.3,후륜 ,46,등록,현대,175,0
그랜드스타렉스 2.5,5900000,136,125100,디젤,2497,11.6,후륜 ,41,등록,현대,174,0
그랜드스타렉스 어린이보호차,4300000,178,117000,디젤,2497,10.5,후륜 ,46,등록,현대,175,0
그랜드스타렉스 어린이보호차,6500000,113,134000,디젤,2497,10.5,후륜 ,46,등록,현대,175,0
그랜드스타렉스 2.5,4700000,164,122500,디젤,2497,11.6,후륜 ,41,등록,현대,174,0
그랜드스타렉스 2.5,6600000,150,86610,디젤,2497,11.6,후륜 ,41,등록,현대,174,0
그랜드스타렉스 2.5,5500000,137,251787,디젤,2497,11.6,후륜 ,41,등록,현대,174,0
그랜드스타렉스 2.5,8700000,150,65000,디젤,2497,11.5,후륜 ,41,등록,현대,174,0
그랜드스타렉스,24000000,134,134255,디젤,2497,12,전륜 FF,36,등록,현대,203,0
그랜드스타렉스,35000000,100,77588,디젤,2497,12,4WD,46,미등록,현대,175,0
더 뉴 그랜드스타렉스,45000000,33,28996,디젤,2497,8.9,4WD,46,미등록,현대,175,0
그랜드스타렉스 2.5,4500000,136,148968,디젤,2497,11.6,후륜 ,41,등록,현대,174,0
그랜드스타렉스 2.5,8500000,89,96183,디젤,2497,11.6,후륜 ,41,등록,현대,174,0
그랜드스타렉스 2.5,7990000,104,100723,디젤,2497,11.6,후륜 ,41,등록,현대,174,0
그랜드스타렉스 2.5,6800000,105,234208,디젤,2497,11.6,후륜 ,41,등록,현대,174,0
그랜드스타렉스 2.4,13500000,126,75750,LPG,2359,12,전륜 FF,36,등록,현대,203,0
그랜드스타렉스 2.5,2900000,179,200533,디젤,2497,11.6,후륜 ,41,등록,현대,174,0
그랜드스타렉스 2.5,4200000,171,162859,디젤,2497,11.6,후륜 ,41,등록,현대,174,0
그랜드스타렉스,26800000,75,64480,디젤,2497,12,전륜 FF,36,미등록,현대,174,0
그랜드스타렉스,23800000,80,118000,디젤,2497,12,전륜 FF,36,미등록,현대,174,0
그랜드스타렉스,10880000,97,148000,디젤,2497,10.5,후륜 ,46,미등록,현대,175,0
그랜드스타렉스,16800000,153,135000,디젤,2497,12,전륜 FF,36,미등록,현대,174,0
그랜드스타렉스,24800000,68,172720,디젤,2497,12,전륜 FF,36,미등록,현대,174,0
그랜드스타렉스,27800000,97,136480,디젤,2497,12,전륜 FF,36,미등록,현대,174,0
그랜드스타렉스,24800000,87,229210,디젤,2497,12,전륜 FF,36,미등록,현대,174,0
그랜드스타렉스,22800000,111,120430,디젤,2497,12,전륜 FF,36,미등록,현대,174,0
그랜드스타렉스 캠핑카,25000000,105,146600,디젤,2497,12,전륜 FF,36,등록,현대,174,0
그랜드스타렉스,11600000,110,84508,디젤,2497,11.6,후륜 ,41,미등록,현대,174,0
그랜드스타렉스 2.5,8300000,156,122579,디젤,2497,11.5,후륜 ,41,등록,현대,174,0
그랜드스타렉스 2.5,11200000,113,118650,디젤,2497,12,전륜 FF,46,등록,현대,175,0
그랜드스타렉스,14900000,83,112153,디젤,2497,10.5,후륜 ,46,미등록,현대,175,0
그랜드스타렉스 2.5,9400000,87,120886,디젤,2497,11.6,후륜 ,41,등록,현대,174,0
그랜드스타렉스,13500000,127,112300,디젤,2497,11.6,후륜 ,41,미등록,현대,174,0
그랜드스타렉스,3700000,128,159000,디젤,2497,12,후륜 ,46,미등록,현대,175,0
그랜드스타렉스,24500000,112,189000,디젤,2497,12,전륜 FF,36,미등록,현대,174,0
그랜드스타렉스,7200000,155,163000,디젤,2497,11.5,후륜 ,41,미등록,현대,174,0
그랜드스타렉스 2.5,12500000,62,202521,디젤,2497,12,후륜 ,46,등록,현대,175,0
더 뉴 그랜드스타렉스,49000000,54,71900,디젤,2497,12,4WD,36,미등록,현대,175,0
그랜드스타렉스 2.5,15000000,93,22400,디젤,2497,12,후륜 ,46,등록,현대,175,0
더 뉴 그랜드스타렉스,34500000,14,32044,디젤,2497,12,후륜 ,36,미등록,현대,175,0
그랜드스타렉스,22500000,114,141290,디젤,2497,12,전륜 FF,36,미등록,현대,174,0
더 뉴 그랜드스타렉스 2.5,16000000,41,134000,디젤,2497,9.3,후륜 ,46,등록,현대,175,0
그랜드스타렉스,16880000,105,137714,디젤,2497,12,전륜 FF,36,미등록,현대,203,0
그랜드스타렉스 캠핑카,22000000,134,165000,디젤,2497,12,전륜 FF,36,등록,현대,174,0
그랜드스타렉스,9900000,124,67200,디젤,2497,10.5,후륜 ,46,미등록,현대,175,0
그랜드스타렉스,13200000,100,111343,디젤,2497,12,후륜 ,46,미등록,현대,175,0
그랜드스타렉스,12500000,99,134409,디젤,2497,11.5,후륜 ,41,미등록,현대,174,0
뉴스타렉스,5300000,204,131620,디젤,2476,10.6,후륜 ,33,미등록,현대,145,0
그랜드스타렉스,15900000,73,82721,디젤,2497,12,후륜 ,46,미등록,현대,175,0
뉴스타렉스,4990000,186,161524,디젤,2497,10,후륜 ,33,미등록,현대,145,0
그랜드스타렉스,16300000,84,55475,디젤,2497,12,후륜 ,46,미등록,현대,175,0
그랜드스타렉스,8200000,136,186000,디젤,2497,12,전륜 FF,36,미등록,현대,174,0
그랜드스타렉스,16800000,97,44103,디젤,2497,12,전륜 FF,36,미등록,현대,174,0
그랜드스타렉스,18200000,67,123450,디젤,2497,12,4WD,46,미등록,현대,175,0
그랜드스타렉스,22500000,91,163000,디젤,2497,12,전륜 FF,36,미등록,현대,174,0
그랜드스타렉스,9500000,177,141000,디젤,2497,12,전륜 FF,36,미등록,현대,174,0
그랜드스타렉스,28000000,101,44000,디젤,2497,12,전륜 FF,36,등록,현대,174,0
그랜드스타렉스,14900000,80,231000,디젤,2497,12,후륜 ,46,등록,현대,175,0
더 뉴 그랜드스타렉스,43500000,40,24000,디젤,2497,12,4WD,36,미등록,현대,175,0
그랜드스타렉스,12600000,104,90000,디젤,2497,10.5,후륜 ,46,미등록,현대,175,0
더 뉴 그랜드스타렉스,26000000,16,5817,디젤,2497,9.3,후륜 ,46,미등록,현대,175,0
그랜드스타렉스,29900000,73,88515,디젤,2497,12,전륜 FF,36,미등록,현대,174,0
그랜드스타렉스,29900000,92,113900,디젤,2497,12,전륜 FF,36,미등록,현대,174,0
그랜드스타렉스,29900000,91,116720,디젤,2497,12,전륜 FF,36,미등록,현대,174,0
더 뉴 그랜드스타렉스,33000000,55,100100,디젤,2497,12,후륜 ,36,미등록,현대,175,0
그랜드스타렉스,27000000,95,89000,디젤,2497,12,전륜 FF,36,미등록,현대,174,0
제네시스 쿠페,4000000,179,151528,가솔린,1998,11,후륜 ,30.5,등록,현대,210,0
제네시스 쿠페,4700000,138,119206,가솔린,1998,11,후륜 ,30.5,등록,현대,210,0
제네시스 DH,17990000,103,81846,가솔린,3778,8.5,AWD,40.5,등록,현대,315,0
제네시스 BH330,4900000,175,240210,가솔린,3342,10,후륜 ,32.1,등록,현대,262,0
제네시스 DH,18300000,73,83250,가솔린,3342,9.4,후륜 ,35.4,등록,현대,282,0
제네시스,9900000,136,147000,가솔린,3778,10.2,후륜 ,40.3,등록,현대,334,0
더 뉴 제네시스 쿠페,15900000,121,147000,가솔린,3778,12,전륜 FF,40.8,등록,현대,350,0
제네시스 DH,17300000,100,205000,가솔린,3778,8.5,AWD,40.5,미등록,현대,315,0
제네시스 DH,22900000,87,190000,가솔린,3778,8.5,AWD,40.5,미등록,현대,315,0
제네시스,8900000,121,229000,가솔린,3778,10.2,후륜 ,40.3,미등록,현대,334,0
제네시스 DH,14990000,104,142786,가솔린,3342,9.2,후륜 ,35.4,등록,현대,282,0
제네시스 쿠페,6600000,168,93383,가솔린,1998,11,후륜 ,30.5,등록,현대,210,0
제네시스 BH380,4300000,157,159389,가솔린,3778,9.6,후륜 ,36.5,등록,현대,290,0
제네시스 DH,16400000,75,135030,가솔린,3342,9.4,후륜 ,35.4,등록,현대,282,0
제네시스 DH,17700000,98,53057,가솔린,3342,9.4,후륜 ,35.4,등록,현대,282,0
제네시스 DH,14900000,78,104646,가솔린,3342,8.8,AWD,35.4,등록,현대,282,0
제네시스 BH330,11900000,118,110000,가솔린,3342,9.6,후륜 ,35.5,등록,현대,300,0
제네시스 DH,15500000,98,187592,가솔린,3778,8.5,AWD,40.5,등록,현대,315,0
제네시스 BH330,4300000,175,171000,가솔린,3342,10,후륜 ,32.1,등록,현대,262,0
더 뉴 제네시스 쿠페,5990000,121,127000,가솔린,1998,10,후륜 ,38,등록,현대,275,0
제네시스 BH330,4900000,174,163000,가솔린,3342,10,후륜 ,32.1,등록,현대,262,0
제네시스 쿠페,4990000,138,164000,가솔린,3778,10,후륜 ,36.8,등록,현대,303,0
제네시스 쿠페,3990000,168,131000,가솔린,1998,11,후륜 ,30.5,등록,현대,210,0
제네시스 DH,14900000,92,140000,가솔린,3342,8.8,AWD,35.4,등록,현대,282,0
제네시스 DH,24500000,73,51880,가솔린,3342,8.8,AWD,35.4,등록,현대,282,0
제네시스 DH,20000000,93,68414,가솔린,3342,8.8,AWD,35.4,등록,현대,282,0
제네시스 DH,16700000,80,90262,가솔린,3342,8.8,AWD,35.4,등록,현대,282,0
제네시스 BH330,3500000,147,132543,가솔린,3342,10,후륜 ,32.1,등록,현대,262,0
제네시스 DH,12990000,97,134587,가솔린,3342,8.8,AWD,35.4,등록,현대,282,0
제네시스 쿠페,2900000,137,186000,가솔린,1998,11,후륜 ,30.5,등록,현대,210,0
제네시스 DH,11000000,104,182000,가솔린,3342,9.4,후륜 ,35.4,등록,현대,282,0
제네시스 BH330,5500000,166,96700,가솔린,3342,12,후륜 ,32.1,등록,현대,262,0
제네시스 BH330,3200000,162,149000,가솔린,3342,12,후륜 ,32.1,등록,현대,262,0
제네시스 쿠페,7600000,158,197946,가솔린,3778,12,전륜 FF,36.8,등록,현대,303,0
제네시스 쿠페,5200000,160,201949,가솔린,1998,11,후륜 ,30.5,등록,현대,210,0
제네시스 DH,17900000,93,111894,가솔린,3342,8.8,AWD,35.4,등록,현대,282,0
제네시스 DH,17500000,90,125000,가솔린,3342,8.8,AWD,35.4,등록,현대,282,0
제네시스 BH330,6900000,173,90248,디젤,3342,12,후륜 ,32.1,등록,현대,262,0
제네시스 BH330,6800000,177,201396,기타,3342,12,후륜 ,32.1,등록,현대,262,0
제네시스 DH,10900000,102,207758,가솔린,3342,8.8,AWD,35.4,등록,현대,282,0
제네시스 쿠페,6700000,156,170668,가솔린,1998,12,전륜 FF,30.5,미등록,현대,210,0
제네시스 DH,15500000,106,170000,가솔린,3342,8.8,AWD,35.4,등록,현대,282,0
제네시스 BH330,5990000,157,98649,가솔린,3342,12,후륜 ,32.1,등록,현대,262,0
더 뉴 제네시스 쿠페,16400000,105,73615,가솔린,1998,9.9,후륜 ,38,등록,현대,275,0
제네시스 DH,15300000,90,127652,가솔린,3342,8.8,AWD,35.4,등록,현대,282,0
제네시스 쿠페,7000000,138,128500,가솔린,1998,12,전륜 FF,30.5,등록,현대,210,0
제네시스 DH,17900000,73,119000,가솔린,3342,9.4,후륜 ,35.4,등록,현대,282,0
제네시스 DH,19900000,88,134035,가솔린,3342,9.2,후륜 ,35.4,미등록,현대,282,0
제네시스 DH,17900000,97,248170,가솔린,3342,8.8,AWD,35.4,미등록,현대,282,0
제네시스 DH,29900000,85,87343,가솔린,3342,9.2,후륜 ,35.4,미등록,현대,282,0
제네시스 쿠페,14000000,152,188000,가솔린,1998,12,전륜 FF,30.5,등록,현대,210,0
더 뉴 제네시스 쿠페,9500000,127,142000,가솔린,1998,10,후륜 ,38,미등록,현대,275,0
제네시스 쿠페,12000000,147,146764,가솔린,3778,12,전륜 FF,36.8,미등록,현대,303,0
제네시스 DH,26500000,98,145581,가솔린,3778,8.5,AWD,40.5,미등록,현대,315,0
더 뉴 제네시스 쿠페,23900000,125,69000,가솔린,3778,9,후륜 ,40.8,미등록,현대,350,0
제네시스 쿠페,6900000,163,140000,가솔린,1998,11,후륜 ,30.5,미등록,현대,210,0
더 뉴 제네시스 쿠페,12900000,129,115700,가솔린,1998,12,전륜 FF,38,미등록,현대,275,0
제네시스 DH,26900000,74,100000,가솔린,3778,8.5,AWD,40.5,미등록,현대,315,0
제네시스 DH,17900000,108,93000,가솔린,3342,8.8,AWD,35.4,등록,현대,282,0
제네시스 쿠페,7000000,161,118415,가솔린,3778,10,후륜 ,36.8,등록,현대,303,0
제네시스 쿠페,6700000,148,52613,가솔린,1998,11,후륜 ,30.5,등록,현대,210,0
제네시스 DH,16300000,73,182265,가솔린,3342,8.8,AWD,35.4,등록,현대,282,0
제네시스 DH,24500000,96,132500,가솔린,3778,8.5,AWD,40.5,등록,현대,315,0
제네시스 쿠페,6900000,142,154366,가솔린,1998,11,후륜 ,30.5,미등록,현대,210,0
제네시스 DH,18390000,98,113900,가솔린,3342,8.8,AWD,35.4,미등록,현대,282,0
제네시스 DH,12500000,88,252145,가솔린,3342,8.8,AWD,35.4,등록,현대,282,0
제네시스,5990000,172,254441,가솔린,3342,12,후륜 ,32.1,미등록,현대,262,0
제네시스 DH,17000000,102,120000,가솔린,3342,9.4,후륜 ,35.4,등록,현대,282,0
제네시스 DH,21700000,101,177500,가솔린,3342,8.8,AWD,35.4,등록,현대,282,0
제네시스 쿠페,7200000,162,99910,가솔린,1998,11,후륜 ,30.5,미등록,현대,210,0
제네시스 DH,18200000,97,184400,가솔린,3342,9.4,후륜 ,35.4,등록,현대,282,0
더 뉴 제네시스 쿠페,13000000,121,103410,가솔린,3778,9,후륜 ,40.8,등록,현대,350,0
제네시스,6990000,171,160277,가솔린,3778,9.6,후륜 ,36.5,미등록,현대,290,0
제네시스,5500000,157,130445,가솔린,3342,10,후륜 ,32.1,미등록,현대,262,0
제네시스,5500000,171,151906,디젤,3342,10,후륜 ,32.1,미등록,현대,262,0
제네시스 쿠페,7300000,126,62190,가솔린,1998,11,후륜 ,30.5,미등록,현대,210,0
더 뉴 제네시스 쿠페,19800000,113,108319,가솔린,3778,12,전륜 FF,40.8,미등록,현대,350,0
더 뉴 제네시스 쿠페,12500000,128,110900,가솔린,3778,9,후륜 ,40.8,미등록,현대,350,0
더 뉴 제네시스 쿠페,11500000,128,117000,가솔린,1998,10,후륜 ,38,미등록,현대,275,0
제네시스 쿠페,6300000,161,178258,가솔린,1998,11,후륜 ,30.5,미등록,현대,210,0
제네시스 쿠페,6300000,145,160241,가솔린,1998,11,후륜 ,30.5,등록,현대,210,0
제네시스 쿠페,25500000,146,64000,가솔린,3778,12,전륜 FF,36.8,등록,현대,303,0
제네시스 DH,14900000,72,165000,가솔린,3342,9.4,후륜 ,35.4,등록,현대,282,0
제네시스 쿠페,4800000,153,125000,가솔린,1998,11,후륜 ,30.5,미등록,현대,210,0
제네시스 DH,21500000,85,96000,가솔린,3342,8.8,AWD,35.4,미등록,현대,282,0
더 뉴 제네시스 쿠페,15300000,104,63000,가솔린,1998,9.9,후륜 ,38,미등록,현대,275,0
더 뉴 제네시스 쿠페,13200000,106,119000,가솔린,1998,9.9,후륜 ,38,미등록,현대,275,0
제네시스 쿠페,8200000,149,146000,가솔린,3778,10,후륜 ,36.8,미등록,현대,303,0
제네시스 쿠페,7500000,147,150000,가솔린,1998,11,후륜 ,30.5,미등록,현대,210,0
제네시스,5900000,136,170000,가솔린,3342,10.6,후륜 ,35.5,미등록,현대,300,0
더 뉴 제네시스 쿠페,12900000,129,90000,가솔린,1998,10,후륜 ,38,미등록,현대,275,0
제네시스 쿠페,7200000,158,152000,가솔린,1998,11,후륜 ,30.5,미등록,현대,210,0
제네시스 쿠페,7500000,163,149000,가솔린,1998,11,후륜 ,30.5,미등록,현대,210,0
제네시스 쿠페,6700000,162,163858,가솔린,1998,11,후륜 ,30.5,미등록,현대,210,0
더 프레스티지 K7,5290000,136,158919,가솔린,2999,8.9,전륜 FF,28.6,등록,기아,235,0
올 뉴 K7 3.3,16000000,81,93119,가솔린,3342,10,전륜 FF,35,등록,기아,290,0
K7 프리미어,25990000,29,36653,기타,2359,16.2,전륜 FF,26.7,등록,기아,199,1
더 프레스티지 K7,6200000,130,87547,가솔린,2359,12.8,전륜 FF,25.5,등록,기아,201,0
올 뉴 K7 2.4,14500000,68,86693,가솔린,2359,11,전륜 FF,24.6,등록,기아,190,0
올 뉴 K7 2.2,14300000,76,110847,디젤,2199,14.3,전륜 FF,45,등록,기아,202,0
올 뉴 K7 3.3,12300000,83,159261,가솔린,3342,10,전륜 FF,35,등록,기아,290,0
더 뉴 K7 2.4,7900000,98,77468,가솔린,2359,11.3,전륜 FF,25.5,등록,기아,201,0
K7 2.4,5200000,153,85763,가솔린,2359,11.8,전륜 FF,23.5,등록,기아,180,0
더 뉴 K7 2.4,8500000,109,122268,가솔린,2359,11.3,전륜 FF,25.5,등록,기아,201,0
K7 프리미어,28500000,25,134,가솔린,2497,11.6,전륜 FF,25.3,등록,기아,198,1
더 프레스티지 K7,6500000,121,160383,가솔린,2999,11.6,전륜 FF,31.6,등록,기아,270,0
올 뉴 K7 3.3,13900000,76,135395,가솔린,3342,10,전륜 FF,35,등록,기아,290,0
올 뉴 K7 하이브리드,18500000,84,113708,기타,2359,16.2,전륜 FF,26.7,등록,기아,199,0
올 뉴 K7 3.0,13500000,81,83562,LPG,2999,7.4,전륜 FF,28.6,등록,기아,235,0
K7,4200000,153,166934,LPG,2656,8.6,전륜 FF,25,등록,기아,165,0
올 뉴 K7 2.4,18000000,81,57963,가솔린,2359,11.1,전륜 FF,24.6,등록,기아,190,0
K7 2.7,5200000,148,140000,가솔린,2656,11,전륜 FF,26,등록,기아,200,0
더 뉴 K7 3.0,6700000,109,90000,가솔린,2999,10.4,전륜 FF,31.6,등록,기아,270,0
더 뉴 K7 2.4,6990000,116,134699,가솔린,2359,11.3,전륜 FF,25.5,등록,기아,201,0
K7 프리미어,24500000,47,37637,가솔린,2497,11.6,전륜 FF,25.3,등록,기아,198,1
K7 프리미어,24800000,27,48810,가솔린,2497,11.6,전륜 FF,25.3,등록,기아,198,1
K7 프리미어,400000,33,29000,가솔린,2497,11.6,전륜 FF,25.3,등록,기아,198,0
K7 2.7,6500000,147,125000,가솔린,2656,11,전륜 FF,26,등록,기아,200,0
올 뉴 K7 하이브리드,20500000,62,74000,기타,2359,12,전륜 FF,36,등록,기아,203,0
올 뉴 K7 3.0,9900000,62,178000,LPG,2999,7.4,전륜 FF,28.6,등록,기아,235,0
올 뉴 K7 3.0,13900000,77,117000,LPG,2999,7.4,전륜 FF,28.6,등록,기아,235,0
올 뉴 K7 2.4,16000000,62,98000,가솔린,2359,11,전륜 FF,24.6,등록,기아,190,0
올 뉴 K7 하이브리드,24500000,63,73449,기타,2359,16.2,전륜 FF,26.7,등록,기아,199,0
K7 프리미어,27400000,27,51921,가솔린,2497,11.6,전륜 FF,25.3,등록,기아,198,1
K7 프리미어,31990000,44,33329,기타,2359,16.2,전륜 FF,26.7,등록,기아,199,1
더 프레스티지 K7,4690000,121,204604,가솔린,2359,12.8,전륜 FF,25.5,등록,기아,201,0
K7 2.4,4500000,168,89000,가솔린,2656,11.8,전륜 FF,23.5,등록,기아,180,0
올 뉴 K7 3.0,14700000,54,40000,LPG,2999,7.1,전륜 FF,28.6,등록,기아,235,1
K7 VG270,3800000,152,131000,LPG,2656,8.6,전륜 FF,25,등록,기아,165,0
K7 2.7,3600000,133,114200,가솔린,2656,11,전륜 FF,26,등록,기아,200,0
올 뉴 K7 3.0,14500000,72,86000,LPG,2999,7.4,전륜 FF,28.6,등록,기아,235,0
더 뉴 K7 2.4,5500000,113,109332,가솔린,2359,11.3,전륜 FF,25.5,등록,기아,201,0
올 뉴 K7 3.3,12500000,84,73683,가솔린,3342,11,전륜 FF,35,등록,기아,290,0
더 뉴 K7 3.0,6900000,109,101370,가솔린,2999,10.4,전륜 FF,31.6,등록,기아,270,0
K7 2.7,3900000,152,134372,LPG,2656,11,전륜 FF,26,등록,기아,200,0
더 뉴 K7 2.4,6700000,111,199113,가솔린,2359,11.3,전륜 FF,25.5,등록,기아,201,0
올 뉴 K7 3.3,23900000,71,98000,가솔린,3342,9.7,전륜 FF,35,등록,기아,290,0
올 뉴 K7 3.3,20900000,49,74000,가솔린,3342,10,전륜 FF,35,등록,기아,290,1
올 뉴 K7 2.4,19900000,68,85000,가솔린,2359,11,전륜 FF,24.6,등록,기아,190,0
올 뉴 K7 2.4,15500000,51,65626,가솔린,2359,11.2,전륜 FF,24.6,등록,기아,190,1
K7 프리미어,20990000,46,75651,디젤,2199,14.5,전륜 FF,45,등록,기아,202,1
더 뉴 K7 3.0,9400000,106,86274,가솔린,2999,10.4,전륜 FF,31.6,등록,기아,270,0
더 뉴 K7 2.4,7600000,113,139487,가솔린,2359,11.3,전륜 FF,25.5,등록,기아,201,0
올 뉴 K7 2.4,18990000,65,41785,가솔린,2359,11,전륜 FF,24.6,등록,기아,190,0
올 뉴 K7 2.4,16300000,84,76144,가솔린,2359,11.1,전륜 FF,24.6,등록,기아,190,0
더 뉴 K7 3.0,7990000,109,108645,가솔린,2999,10.4,전륜 FF,31.6,등록,기아,270,0
K7 프리미어,26500000,44,52090,가솔린,2497,11.6,전륜 FF,25.3,등록,기아,198,0
더 뉴 K7,9500000,131,142476,가솔린,2999,10.4,전륜 FF,31.6,미등록,기아,270,0
더 프레스티지 K7,4900000,123,202297,가솔린,2359,12.8,전륜 FF,25.5,등록,기아,201,0
K7 프리미어,34900000,36,46402,기타,2359,16.2,전륜 FF,26.7,미등록,기아,199,1
K7 프리미어,20300000,46,65204,가솔린,2497,11.6,전륜 FF,25.3,등록,기아,198,1
K7 프리미어,30900000,31,6338,가솔린,2497,11.6,전륜 FF,25.3,미등록,기아,198,1
K7,4900000,133,146000,LPG,2656,8.6,전륜 FF,25,미등록,기아,165,0
올 뉴 K7,25900000,61,55000,가솔린,3342,9.7,전륜 FF,35,미등록,기아,290,0
더 뉴 K7,10900000,112,120583,가솔린,2999,10.4,전륜 FF,31.6,미등록,기아,270,0
올 뉴 K7,19300000,64,97000,디젤,2199,14.3,전륜 FF,45,미등록,기아,202,0
더 프레스티지 K7,8200000,123,87787,가솔린,2359,12.8,전륜 FF,25.5,등록,기아,201,0
더 프레스티지 K7,3300000,136,173000,가솔린,2359,12.8,전륜 FF,25.5,등록,기아,201,0
올 뉴 K7 하이브리드,26500000,58,90100,기타,2359,16.2,전륜 FF,26.7,등록,기아,199,0
올 뉴 K7 2.2,19000000,77,66000,디젤,2199,14.3,전륜 FF,45,등록,기아,202,0
K7 하이브리드,15500000,79,100300,기타,2359,16,전륜 FF,26.7,등록,기아,199,0
올 뉴 K7,15290000,64,137249,LPG,2999,12,전륜 FF,36,미등록,기아,203,0
더 뉴 K7,8700000,112,94954,LPG,2999,8.2,전륜 FF,28.6,미등록,기아,235,0
더 뉴 K7 2.4,20000000,95,23000,가솔린,2359,11.3,전륜 FF,25.5,등록,기아,201,0
K7,6400000,133,150760,가솔린,2656,11,전륜 FF,26,미등록,기아,200,0
올 뉴 K7,13990000,82,128825,디젤,2199,14.3,전륜 FF,45,미등록,기아,202,0
올 뉴 K7,13700000,77,172976,디젤,2199,14.3,전륜 FF,45,등록,기아,202,0
K5 2.0,27900000,20,24030,가솔린,1999,13,전륜 FF,20,등록,기아,160,1
K5 2.0,6200000,150,149326,LPG,1998,11.2,전륜 FF,19.3,등록,기아,144,0
K5 2.0,24500000,36,38384,가솔린,1999,13,전륜 FF,20,등록,기아,160,1
K5 2.0,5500000,152,94179,가솔린,1998,13,전륜 FF,20.2,등록,기아,165,0
더 뉴 K5,12990000,57,92681,LPG,1999,9.4,전륜 FF,19.8,미등록,기아,151,1
K5 2.0,4990000,156,77419,가솔린,1998,13,전륜 FF,20.2,등록,기아,165,0
K5 2.0,18500000,36,51340,가솔린,1999,13,전륜 FF,20,등록,기아,160,1
더 뉴 K5 1.7,12990000,57,44931,디젤,1685,16.1,전륜 FF,34.7,등록,기아,141,1
K5 1.6,23990000,26,34452,가솔린,1598,13.2,전륜 FF,27,등록,기아,180,0
더 뉴 K5 2.0,13890000,46,54694,LPG,1999,9.4,전륜 FF,19.8,등록,기아,151,1
K5 2.0,16500000,28,51844,LPG,1999,10.2,전륜 FF,19.5,등록,기아,146,0
더 뉴 K5 2.0,11700000,48,95647,LPG,1999,9.4,전륜 FF,19.8,등록,기아,151,1
더 뉴 K5 2.0,4900000,118,94546,가솔린,1999,11.9,전륜 FF,20.5,등록,기아,172,0
K5 2.0,5200000,135,144297,가솔린,1998,13,전륜 FF,20.2,등록,기아,165,0
K5 하이브리드,31990000,48,32502,기타,1999,20.1,전륜 FF,19.2,등록,기아,152,0
K5 2세대,9990000,92,92125,디젤,1685,16.5,전륜 FF,34.7,등록,기아,141,0
K5 2.0,3990000,131,123000,가솔린,1999,11.9,전륜 FF,20.5,등록,기아,172,0
K5,16900000,14,78802,LPG,1999,10.2,전륜 FF,19.5,등록,기아,146,0
더 뉴 K5 2.0,13600000,55,74239,LPG,1999,9.4,전륜 FF,19.8,등록,기아,151,1
K5 2.0,4500000,139,170454,LPG,1998,11.2,전륜 FF,19.3,등록,기아,144,0
K5 2.0,4600000,129,155330,LPG,1999,11.2,전륜 FF,19.3,등록,기아,144,0
더 뉴 K5 2.0,7700000,91,50000,LPG,1999,9.3,전륜 FF,19.8,등록,기아,155,0
더 뉴 K5 2.0,14990000,44,41935,가솔린,1999,12.3,전륜 FF,20,등록,기아,163,1
K5,6500000,124,131289,가솔린,1998,12.8,전륜 FF,37.1,미등록,기아,271,0
K5 하이브리드,28500000,28,29314,기타,1999,20.1,전륜 FF,19.2,등록,기아,152,0
K5 하이브리드,29990000,35,33510,기타,1999,20.1,전륜 FF,19.2,등록,기아,152,0
더 뉴 K5 2.0,11800000,59,82443,LPG,1999,9.4,전륜 FF,19.8,등록,기아,151,1
K5 하이브리드,22990000,25,117272,기타,1999,20.1,전륜 FF,19.2,등록,기아,152,0
더 뉴 K5 2.0,15990000,39,85303,가솔린,1999,12.1,전륜 FF,20,등록,기아,163,1
K5 2.0,23990000,25,37276,가솔린,1999,13,전륜 FF,20,등록,기아,160,1
K5 2.0,25500000,48,43299,가솔린,1999,12.7,전륜 FF,20,등록,기아,160,1
K5 2세대,7700000,93,117719,가솔린,1999,12.6,전륜 FF,20.5,등록,기아,168,0
K5,2000000,8,15,LPG,1999,10,전륜 FF,19.5,등록,기아,146,0
K5,890000,1,9800,가솔린,1999,13,전륜 FF,20,등록,기아,160,1
K5,2000000,9,9,LPG,1999,10,전륜 FF,19.5,등록,기아,146,0
K5,2000000,29,23637,가솔린,1999,13,전륜 FF,20,등록,기아,160,0
K5 2.0,16400000,25,101000,LPG,1999,10.2,전륜 FF,19.5,등록,기아,146,0
K5 2.0,22990000,30,39579,가솔린,1999,13,전륜 FF,20,등록,기아,160,1
K5 2.0,4000000,129,107966,LPG,1999,11.2,전륜 FF,19.3,등록,기아,144,0
K5 2.0,3400000,136,159052,LPG,1998,11.2,전륜 FF,19.3,등록,기아,144,0
K5 2.0,3200000,155,139643,가솔린,1998,13,전륜 FF,20.2,등록,기아,165,0
K5 2.0,3900000,135,66031,가솔린,1998,13,전륜 FF,20.2,등록,기아,165,0
K5 2세대,11800000,94,96000,가솔린,1998,10.8,전륜 FF,36,등록,기아,245,0
K5 2.0,2990000,139,163110,LPG,1998,11.2,전륜 FF,19.3,등록,기아,144,0
K5 2.0,6500000,142,165328,가솔린,1998,12.8,전륜 FF,37.1,등록,기아,271,0
더 뉴 K5 2.0,10990000,60,146174,LPG,1999,9.4,전륜 FF,19.8,등록,기아,151,1
더 뉴 K5 2.0,6990000,115,120000,가솔린,1999,11.9,전륜 FF,20.5,등록,기아,172,0
K5 2세대,7200000,91,146000,가솔린,1999,12.6,전륜 FF,20.5,등록,기아,168,0
K5 2.0,3600000,153,58000,가솔린,1998,13,전륜 FF,20.2,등록,기아,165,0
더 뉴 K5 2.0,5500000,117,76000,가솔린,1999,11.9,전륜 FF,20.5,등록,기아,172,0
더 뉴 K5 2.0,4900000,116,78600,LPG,1999,9.3,전륜 FF,19.8,등록,기아,155,0
K5 2.0,6900000,154,75325,가솔린,1998,13,전륜 FF,20.2,등록,기아,165,0
더 뉴 K5 하이브리드,19800000,60,55381,기타,1999,18,전륜 FF,27,등록,기아,191,1
K5 하이브리드,4900000,128,136696,기타,1999,16.8,전륜 FF,27,등록,기아,191,0
더 뉴 K5 2.0,4900000,97,107387,LPG,1999,9.3,전륜 FF,19.8,등록,기아,155,0
K5 2.0,3290000,153,78813,가솔린,1998,13,전륜 FF,20.2,등록,기아,165,0
K5 2세대,5900000,92,168000,LPG,1999,9.4,전륜 FF,19.8,등록,기아,151,0
K5 2.0,24900000,15,23000,가솔린,1999,13,전륜 FF,20,등록,기아,160,1
K5,25000000,26,75000,가솔린,1999,13,전륜 FF,20,등록,기아,160,0
더 뉴 K5 2.0,5600000,117,183224,가솔린,1999,11.9,전륜 FF,20.5,등록,기아,172,0
K5 하이브리드,26990000,35,47134,기타,1999,20.1,전륜 FF,19.2,등록,기아,152,0
K5 1.6,25900000,28,47404,가솔린,1598,13.2,전륜 FF,27,등록,기아,180,0
K5,7300000,111,156320,LPG,1999,11.2,전륜 FF,19.3,미등록,기아,144,0
K5 하이브리드,8800000,100,189077,기타,1999,16.8,전륜 FF,27,미등록,기아,191,0
K5 2.0,5600000,127,188685,LPG,1999,11.2,전륜 FF,19.3,등록,기아,144,0
K5 2.0,6300000,142,87654,가솔린,1998,12.8,전륜 FF,37.1,등록,기아,271,0
더 뉴 K5 2.0,8300000,117,147790,가솔린,1999,11.9,전륜 FF,20.5,등록,기아,172,0
K5 2세대,10600000,77,81214,디젤,1685,16.8,전륜 FF,34.7,등록,기아,141,0
K5 하이브리드,33200000,19,17749,기타,1999,20.1,전륜 FF,19.2,등록,기아,152,0
K5 1.6,32000000,15,28300,가솔린,1598,13.2,전륜 FF,27,등록,기아,180,0
K5 2.4,5800000,150,180687,가솔린,2359,13,전륜 FF,25.5,등록,기아,201,0
K5 2.0,3400000,121,165000,LPG,1999,11.2,전륜 FF,19.3,등록,기아,144,0
K5 2.0,4500000,136,94000,LPG,1998,11.2,전륜 FF,19.3,등록,기아,144,0
K5 하이브리드,17600000,76,63200,기타,1999,17.5,전륜 FF,27,등록,기아,191,0
K5,26800000,16,22900,가솔린,1598,13.2,전륜 FF,27,등록,기아,180,0
K5 2.0,13900000,47,103000,가솔린,1999,13,전륜 FF,20,등록,기아,160,1
K5,33000000,17,19123,가솔린,1598,13.2,전륜 FF,27,등록,기아,180,0
K5,5800000,141,137689,가솔린,1998,12.8,전륜 FF,37.1,미등록,기아,271,0
K5 2세대,9400000,76,103000,LPG,1999,12,전륜 FF,19.8,미등록,기아,151,0
K5 하이브리드,7500000,102,130429,가솔린,2359,12,전륜 FF,36,미등록,기아,159,0
K5 2세대,7600000,95,103957,LPG,1999,12,전륜 FF,19.8,미등록,기아,151,0
K5 3세대,21500000,16,1150,LPG,1999,10.2,전륜 FF,19.5,등록,기아,146,0
카니발 4세대,31900000,35,10988,가솔린,3470,9.1,전륜 FF,36.2,등록,기아,294,1
카니발 4세대,32300000,33,53693,디젤,2151,13.1,전륜 FF,45,등록,기아,202,1
더 뉴 카니발 2.2,17490000,56,105982,디젤,2199,11.3,전륜 FF,45,등록,기아,202,1
올 뉴 카니발 2.2,11900000,104,171089,디젤,2199,11.5,전륜 FF,45,등록,기아,202,0
그랜드 카니발,4990000,133,161640,디젤,2199,12,전륜 FF,44.47,등록,기아,197,0
더 뉴 카니발,31990000,56,69100,가솔린,3342,8.2,전륜 FF,34.7,등록,기아,280,1
올 뉴 카니발 2.2,21200000,94,133434,디젤,2199,10.3,전륜 FF,45,등록,기아,202,0
올 뉴 카니발,14300000,92,206115,디젤,2199,11.5,전륜 FF,45,미등록,기아,202,0
카니발 4세대,45000000,35,18360,가솔린,3470,9.1,전륜 FF,36.2,미등록,기아,294,1
더 뉴 카니발 2.2,19500000,43,57325,디젤,2199,11.4,전륜 FF,45,등록,기아,202,1
카니발 4세대,2000000,11,20,디젤,2151,13.1,전륜 FF,45,등록,기아,202,1
더 뉴 카니발,26900000,56,69000,디젤,2199,11.3,전륜 FF,45,등록,기아,202,1
더 뉴 카니발 2.2,26300000,38,78595,디젤,3342,11.3,전륜 FF,45,등록,기아,202,1
더 뉴 카니발 2.2,21500000,57,69247,디젤,2199,11.3,전륜 FF,45,등록,기아,202,1
카니발 4세대,38500000,14,25258,디젤,2151,13.1,전륜 FF,45,등록,기아,202,1
카니발 4세대,32600000,13,43572,디젤,2151,13.1,전륜 FF,45,등록,기아,202,1
더 뉴 카니발 2.2,20700000,58,70675,디젤,2199,11.3,전륜 FF,45,등록,기아,202,1
더 뉴 카니발 2.2,17900000,41,93000,디젤,2199,11.4,전륜 FF,45,등록,기아,202,1
그랜드 카니발,5300000,141,107387,디젤,2199,12,전륜 FF,44.47,등록,기아,197,0
올 뉴 카니발 2.2,13800000,77,96676,디젤,2199,11.5,전륜 FF,45,등록,기아,202,0
올 뉴 카니발 2.2,22990000,94,152002,디젤,2199,10.3,전륜 FF,45,등록,기아,202,0
그랜드 카니발,4400000,145,128962,디젤,2902,12.6,전륜 FF,36,등록,기아,170,0
그랜드 카니발,4700000,119,157045,디젤,2199,12,전륜 FF,44.47,등록,기아,197,0
카니발 4세대,3500000,11,450,디젤,2151,13.1,전륜 FF,45,등록,기아,202,1
올 뉴 카니발 2.2,18900000,81,95980,디젤,2199,11.2,전륜 FF,45,등록,기아,202,0
더 뉴 카니발 2.2,19600000,41,80342,디젤,2199,11.4,전륜 FF,45,등록,기아,202,1
올 뉴 카니발 2.2,11700000,86,185599,디젤,2199,11.5,전륜 FF,45,등록,기아,202,0
카니발 4세대,5900000,19,35000,가솔린,3470,8.4,전륜 FF,36.2,등록,기아,294,1
카니발 4세대,11130000,6,8000,디젤,2151,13.1,전륜 FF,45,등록,기아,202,1
카니발 4세대,3500000,12,10,디젤,2151,13.1,전륜 FF,45,등록,기아,202,1
더 뉴 카니발 2.2,33000000,43,138341,디젤,2199,10.3,전륜 FF,45,등록,기아,202,0
카니발 4세대,9900000,18,36084,디젤,2151,11,전륜 FF,45,등록,기아,202,1
카니발 4세대,19800000,1,5000,디젤,2151,11.5,전륜 FF,45,등록,기아,202,1
그랜드 카니발,3290000,129,136295,디젤,2199,12,전륜 FF,44.47,등록,기아,197,0
올 뉴 카니발 2.2,18990000,72,55208,디젤,2199,10.9,전륜 FF,45,등록,기아,202,1
더 뉴 카니발 2.2,28800000,56,47814,디젤,2199,11.3,전륜 FF,45,등록,기아,202,1
더 뉴 카니발 2.2,25800000,53,69506,가솔린,2199,11.3,전륜 FF,45,등록,기아,202,1
올 뉴 카니발 2.2,22100000,64,78438,디젤,2199,10.9,전륜 FF,45,등록,기아,202,0
더 뉴 카니발 2.2,22990000,58,83440,디젤,2199,11.3,전륜 FF,45,등록,기아,202,1
올 뉴 카니발 2.2,28990000,80,74371,디젤,2199,11.2,전륜 FF,45,등록,기아,202,0
올 뉴 카니발 2.2,29500000,69,90998,디젤,2199,10.3,전륜 FF,45,등록,기아,202,0
카니발 4세대,40500000,14,28294,디젤,2151,13.1,전륜 FF,45,등록,기아,202,1
그랜드 카니발,5800000,131,78266,디젤,2199,12.6,전륜 FF,36,등록,기아,170,0
그랜드 카니발,4400000,141,122861,디젤,2199,12,전륜 FF,36,등록,기아,192,0
올 뉴 카니발 3.3,31800000,63,133000,가솔린,3342,8.3,전륜 FF,34.7,등록,기아,280,0
올 뉴 카니발 2.2,11890000,95,155973,디젤,2199,11.5,전륜 FF,45,등록,기아,202,0
그랜드 카니발,2590000,122,199901,디젤,2199,12,전륜 FF,36,등록,기아,192,0
그랜드 카니발,9200000,112,80000,디젤,2199,12.8,전륜 FF,43,등록,기아,197,0
그랜드 카니발,3500000,151,156961,디젤,2199,12,전륜 FF,44.47,등록,기아,197,0
더 뉴 카니발 2.2,24500000,40,108000,디젤,2199,10.3,전륜 FF,45,등록,기아,202,1
그랜드 카니발,3990000,110,150000,디젤,2199,12,전륜 FF,36,등록,기아,192,0
뉴 카니발 R 2.2,5900000,127,149000,디젤,2199,12.9,전륜 FF,44.5,등록,기아,197,0
더 뉴 카니발 2.2,16900000,55,129362,디젤,2199,11.4,전륜 FF,45,등록,기아,202,1
올 뉴 카니발 2.2,11100000,92,185529,디젤,2199,11.5,전륜 FF,45,등록,기아,202,0
올 뉴 카니발 2.2,12900000,89,179391,디젤,2199,11.5,전륜 FF,45,등록,기아,202,0
올 뉴 카니발 2.2,11600000,89,139238,디젤,2199,12,전륜 FF,36,등록,기아,203,0
올 뉴 카니발 2.2,10400000,74,230190,디젤,2199,11.5,전륜 FF,45,등록,기아,202,0
올 뉴 카니발 3.3,23900000,64,108000,가솔린,3342,7.9,전륜 FF,34.7,등록,기아,280,0
그랜드 카니발,7800000,115,119000,디젤,2199,12,전륜 FF,44.47,등록,기아,197,0
올 뉴 카니발 2.2,21900000,53,93403,디젤,2199,10.9,전륜 FF,45,등록,기아,202,1
카니발 4세대,41000000,9,7450,가솔린,3470,9.1,전륜 FF,36.2,등록,기아,294,1
카니발 4세대,2000000,11,50,디젤,2151,13.1,전륜 FF,45,등록,기아,202,1
올 뉴 카니발 3.3,19200000,60,117230,가솔린,3342,7.9,전륜 FF,34.7,등록,기아,280,1
올 뉴 카니발 2.2,13900000,87,137113,디젤,2199,11.5,전륜 FF,45,등록,기아,202,0
올 뉴 카니발 2.2,14300000,74,148793,디젤,2199,11.5,전륜 FF,45,등록,기아,202,0
올 뉴 카니발 2.2,15900000,73,84817,디젤,2199,11.5,전륜 FF,45,등록,기아,202,0
올 뉴 카니발 2.2,13900000,103,148580,디젤,2199,11.5,전륜 FF,45,등록,기아,202,0
올 뉴 카니발 3.3,46500000,51,15700,가솔린,3342,8.3,전륜 FF,34.7,등록,기아,280,1
그랜드 카니발,8870000,124,176190,디젤,2199,12,전륜 FF,44.47,미등록,기아,197,0
그랜드 카니발,4880000,157,101340,디젤,2902,12.6,전륜 FF,36,미등록,기아,170,0
카니발 4세대,40900000,14,44000,디젤,2151,13.1,전륜 FF,45,등록,기아,202,1
카니발 4세대,37500000,14,66000,디젤,2151,13.1,전륜 FF,45,등록,기아,202,1
올 뉴 카니발 2.2,19490000,69,120000,디젤,2199,10.9,전륜 FF,45,등록,기아,202,0
카니발 4세대,5000000,23,9500,디젤,2151,13.1,전륜 FF,45,등록,기아,202,1
카니발 4세대,2000000,19,26232,디젤,2151,11,전륜 FF,45,등록,기아,202,1
카니발 4세대,500000,20,42174,디젤,2151,13.1,전륜 FF,45,등록,기아,202,1
올 뉴 카니발 2.2,27500000,83,43987,디젤,2199,10.3,전륜 FF,45,등록,기아,202,0
올 뉴 카니발,13000000,74,104000,디젤,2199,12,전륜 FF,36,등록,기아,203,0
그랜드 카니발,11300000,162,165000,디젤,2902,12.8,전륜 FF,43,등록,기아,197,0
올 뉴 카니발 2.2,23000000,91,120300,디젤,2199,10.3,전륜 FF,45,등록,기아,202,0
더 뉴 카니발,28900000,54,82000,디젤,2199,11.3,전륜 FF,45,미등록,기아,202,1
올 뉴 카니발,27900000,62,76555,디젤,2199,11.2,전륜 FF,45,미등록,기아,202,0
더 뉴 카니발 2.2,32900000,59,42900,디젤,2199,11.3,전륜 FF,45,등록,기아,202,1
더 뉴 카니발 2.2,21000000,48,62000,디젤,2199,11.4,전륜 FF,45,등록,기아,202,1
더 뉴 카니발,21500000,44,80327,디젤,2199,11.3,전륜 FF,45,미등록,기아,202,1
그랜드 카니발,11000000,119,150000,디젤,2199,12,전륜 FF,44.47,등록,기아,197,0
카니발 4세대,42000000,34,14200,디젤,2151,12.6,전륜 FF,45,등록,기아,202,0
그랜드 카니발,2700000,213,150500,디젤,2902,10.5,전륜 FF,36,미등록,기아,170,0
그랜드 카니발,2900000,188,200100,디젤,2902,10.5,전륜 FF,36.5,등록,기아,192,0
더 뉴 카니발,29800000,53,92343,가솔린,3342,8.2,전륜 FF,34.7,등록,기아,280,1
올 뉴 카니발 2.2,17900000,106,98863,디젤,2199,11.5,전륜 FF,45,등록,기아,202,0
올 뉴 카니발 2.2,20900000,85,92259,디젤,2199,11.5,전륜 FF,45,등록,기아,202,0
카니발 4세대,30990000,34,89027,디젤,2151,13.1,전륜 FF,45,등록,기아,202,1
올 뉴 카니발 2.2,28500000,93,132000,디젤,2199,10.3,전륜 FF,45,등록,기아,202,0
더 뉴 카니발 2.2,44000000,47,16650,디젤,2199,10.3,전륜 FF,45,등록,기아,202,1
더 뉴 카니발,30800000,28,17564,디젤,2199,11.3,전륜 FF,45,등록,기아,202,1
카니발 4세대,43500000,2,8246,디젤,2151,13.1,전륜 FF,45,등록,기아,202,1
올 뉴 카니발,18300000,73,220158,디젤,2199,10.3,전륜 FF,45,미등록,기아,202,0
올 뉴 카니발 2.2,29500000,76,42401,디젤,2199,11.2,전륜 FF,45,등록,기아,202,0
올 뉴 카니발 기타,43000000,33,55000,디젤,2151,12,전륜 FF,36,등록,기아,203,0
올 뉴 카니발,25900000,91,44127,가솔린,3342,8.3,전륜 FF,34.7,등록,기아,280,0
더 뉴 카니발 3.3,38000000,43,10030,가솔린,3342,8.2,전륜 FF,34.7,등록,기아,280,0
카니발 4세대,47300000,6,5500,디젤,2151,13.1,전륜 FF,45,미등록,기아,202,1
올 뉴 카니발 2.2,26000000,81,84000,디젤,2199,11.2,전륜 FF,45,등록,기아,202,0
그랜드 카니발,7000000,121,208876,디젤,2199,12,전륜 FF,44.47,미등록,기아,197,0
올 뉴 카니발,33500000,82,118000,가솔린,3342,8.3,전륜 FF,34.7,미등록,기아,280,0
카니발 4세대,42000000,35,17972,디젤,2151,12.6,전륜 FF,45,등록,기아,202,1
올 뉴 카니발 2.2,22000000,106,151000,디젤,2199,11.5,전륜 FF,45,등록,기아,202,0
올 뉴 카니발 2.2,23500000,68,37000,디젤,2199,10.9,전륜 FF,45,등록,기아,202,0
더 뉴 카니발 2.2,26000000,54,80500,디젤,2199,11.3,전륜 FF,45,등록,기아,202,1
올 뉴 카니발,14990000,103,125017,디젤,2199,12,전륜 FF,36,등록,기아,203,0
올 뉴 카니발 2.2,15000000,102,115692,디젤,2199,11.5,전륜 FF,45,등록,기아,202,0
그랜드 카니발,6500000,133,191780,디젤,2199,12,전륜 FF,44.47,등록,기아,197,0
올 뉴 카니발 2.2,32000000,49,37000,디젤,2199,10.3,전륜 FF,45,등록,기아,202,0
올 뉴 카니발 2.2,25000000,63,37600,디젤,2199,11.2,전륜 FF,45,등록,기아,202,0
올 뉴 카니발,36000000,69,87000,가솔린,3342,8.3,전륜 FF,34.7,미등록,기아,280,0
올 뉴 카니발,35800000,71,62000,디젤,2199,10.9,전륜 FF,45,미등록,기아,202,0
더 뉴 카니발,48500000,42,69503,디젤,2199,10.3,전륜 FF,45,미등록,기아,202,0
더 뉴 카니발,32100000,52,85000,디젤,2199,11.3,전륜 FF,45,미등록,기아,202,0
올 뉴 카니발,30500000,70,77000,디젤,2199,10.3,전륜 FF,45,미등록,기아,202,0
올 뉴 카니발,34900000,83,78000,디젤,2199,11.2,전륜 FF,45,미등록,기아,202,0
올 뉴 카니발,27500000,66,54000,디젤,2199,10.9,전륜 FF,45,미등록,기아,202,0
올 뉴 카니발,16500000,91,54407,디젤,2199,11.5,전륜 FF,45,미등록,기아,202,0
더 뉴 카니발,38000000,39,76126,디젤,2199,10.3,전륜 FF,45,미등록,기아,202,0
더 뉴 카니발,36900000,39,20000,가솔린,3342,8.2,전륜 FF,34.7,미등록,기아,280,0
더 뉴 카니발,24900000,58,120000,디젤,2199,11.3,전륜 FF,45,미등록,기아,202,0
올 뉴 카니발,42900000,53,39000,디젤,2199,10.3,전륜 FF,45,미등록,기아,202,1
올 뉴 카니발,23000000,71,98000,디젤,2199,10.9,전륜 FF,45,미등록,기아,202,0
더 뉴 카니발,45800000,52,32000,가솔린,3342,8.2,전륜 FF,34.7,미등록,기아,280,1
더 뉴 카니발,44900000,28,70783,디젤,2199,10.3,전륜 FF,45,미등록,기아,202,1
레이 1.0,5990000,123,78314,가솔린,998,17,전륜 FF,9.6,등록,기아,78,0
더 뉴 레이 1.0,7990000,40,82758,가솔린,998,13,전륜 FF,9.6,등록,기아,78,1
레이,6300000,127,93836,가솔린,998,13.5,전륜 FF,9.6,등록,기아,78,0
레이,6900000,131,140000,가솔린,998,13.9,전륜 FF,14,등록,기아,106,0
레이 1.0,6500000,121,89418,가솔린,998,17,전륜 FF,9.6,등록,기아,78,0
더 뉴 레이 1.0,7900000,55,96430,가솔린,998,13,전륜 FF,9.6,등록,기아,78,1
레이 1.0,5300000,110,77911,가솔린,998,13.5,전륜 FF,9.6,등록,기아,78,0
더 뉴 레이 1.0,8990000,39,91858,가솔린,998,13,전륜 FF,9.6,등록,기아,78,1
레이 1.0,6990000,121,54774,가솔린,998,17,전륜 FF,9.6,등록,기아,78,0
더 뉴 기아 레이,20500000,11,56,가솔린,998,12.7,전륜 FF,9.7,등록,기아,76,1
레이 1.0,7600000,107,60990,가솔린,998,13.5,전륜 FF,9.6,등록,기아,78,0
레이 1.0,5200000,93,132571,가솔린,998,13.5,전륜 FF,9.6,등록,기아,78,0
더 뉴 레이 1.0,13100000,51,24899,가솔린,998,12.7,전륜 FF,9.6,등록,기아,78,1
더 뉴 레이 1.0,14990000,34,15367,가솔린,998,12.7,전륜 FF,9.7,등록,기아,76,1
더 뉴 레이 1.0,14890000,30,15542,가솔린,998,12.7,전륜 FF,9.7,등록,기아,76,1
더 뉴 레이 1.0,14600000,35,7744,가솔린,998,12.7,전륜 FF,9.7,등록,기아,76,1
더 뉴 레이 1.0,15900000,4,2712,가솔린,998,12.7,전륜 FF,9.7,등록,기아,76,1
더 뉴 레이 1.0,15200000,36,8380,가솔린,998,12.7,전륜 FF,9.7,등록,기아,76,1
더 뉴 레이 1.0,14700000,52,38831,LPG,998,10.5,전륜 FF,9.6,등록,기아,74,1
더 뉴 레이 1.0,15500000,3,1434,가솔린,998,12.7,전륜 FF,9.7,등록,기아,76,1
더 뉴 레이 1.0,15390000,1,5402,가솔린,998,12.7,전륜 FF,9.7,등록,기아,76,1
더 뉴 레이 1.0,14300000,38,28364,가솔린,998,12.7,전륜 FF,9.6,등록,기아,78,1
더 뉴 레이 1.0,15390000,35,16962,가솔린,998,12.7,전륜 FF,9.7,등록,기아,76,1
더 뉴 레이 1.0,11700000,26,17235,가솔린,998,13,전륜 FF,9.7,등록,기아,76,1
더 뉴 레이 1.0,8600000,52,42241,가솔린,998,13,전륜 FF,9.6,등록,기아,78,1
더 뉴 레이 1.0,9990000,50,32213,가솔린,998,12.7,전륜 FF,9.6,등록,기아,78,1
더 뉴 레이 1.0,1500000,5,20,가솔린,998,13,전륜 FF,3750,등록,기아,76,1
더 뉴 레이 1.0,5500000,58,99000,가솔린,998,13,전륜 FF,9.6,등록,기아,78,0
레이 EV,8300000,132,49000,기타,50,12,전륜 FF,17,등록,기아,68,0
레이,5390000,86,72800,가솔린,998,13.5,전륜 FF,9.6,등록,기아,78,0
레이 1.0,5890000,72,69000,가솔린,998,13.5,전륜 FF,9.6,등록,기아,78,1
레이 1.0,4890000,89,131116,가솔린,998,13.5,전륜 FF,9.6,등록,기아,78,0
레이 1.0,3600000,112,103328,가솔린,998,13.5,전륜 FF,9.6,등록,기아,78,0
레이 1.0,6000000,84,53757,가솔린,998,13.5,전륜 FF,9.6,등록,기아,78,0
레이 1.0,4300000,119,38077,가솔린,998,13.5,전륜 FF,9.6,등록,기아,78,0
레이 1.0,6100000,123,109731,기타,998,22,전륜 FF,9.6,등록,기아,78,0
레이 1.0,5500000,100,55498,가솔린,998,13.5,전륜 FF,9.6,등록,기아,78,0
더 뉴 레이 1.0,6200000,51,84000,가솔린,998,13,전륜 FF,9.6,등록,기아,78,1
더 뉴 레이 1.0,8990000,55,53000,가솔린,998,12.7,전륜 FF,9.6,등록,기아,78,1
레이 1.0,4200000,97,120000,가솔린,998,13.5,전륜 FF,9.6,등록,기아,78,0
레이 1.0,3900000,124,81500,가솔린,998,17,전륜 FF,9.6,등록,기아,78,0
레이 1.0,3500000,104,122600,가솔린,998,13.5,전륜 FF,9.6,등록,기아,78,0
레이 1.0,4990000,124,44000,가솔린,998,17,전륜 FF,9.6,등록,기아,78,0
레이 1.0,6500000,72,22000,가솔린,998,13.5,전륜 FF,9.6,등록,기아,78,1
레이 1.0,3900000,122,57000,가솔린,998,17,전륜 FF,9.6,등록,기아,78,0
레이 1.0,6990000,93,54000,가솔린,998,13.5,전륜 FF,9.6,등록,기아,78,0
레이 1.0,7900000,109,100000,기타,998,10.8,전륜 FF,9.6,등록,기아,78,0
레이 1.0,3600000,115,131197,가솔린,998,13.5,전륜 FF,9.6,등록,기아,78,0
더 뉴 레이 1.0,5990000,52,112313,가솔린,998,13,전륜 FF,9.6,등록,기아,78,1
더 뉴 레이 1.0,5500000,52,54682,가솔린,998,13,전륜 FF,9.6,등록,기아,78,0
레이 1.0,6990000,96,77464,가솔린,998,13.2,전륜 FF,14,등록,기아,106,0
레이 1.0,4200000,107,88449,가솔린,998,13.5,전륜 FF,9.6,등록,기아,78,0
레이 1.0,4300000,85,52897,가솔린,998,13.5,전륜 FF,9.6,등록,기아,78,0
레이 1.0,4700000,118,61955,가솔린,998,13.5,전륜 FF,9.6,등록,기아,78,0
레이 1.0,5990000,111,139251,가솔린,998,13.9,전륜 FF,14,등록,기아,106,0
레이,5400000,132,124748,가솔린,998,13.5,전륜 FF,9.6,등록,기아,78,0
레이 1.0,5400000,100,147960,가솔린,998,13.5,전륜 FF,9.6,등록,기아,78,0
레이 1.0,6690000,71,74690,가솔린,998,13.5,전륜 FF,9.6,등록,기아,78,0
레이 1.0,4200000,130,78719,가솔린,998,13.5,전륜 FF,9.6,등록,기아,78,0
레이 1.0,4700000,112,86783,가솔린,998,13.5,전륜 FF,9.6,등록,기아,78,0
레이,5500000,132,97000,가솔린,998,13.5,전륜 FF,9.6,미등록,기아,78,0
레이 1.0,4400000,129,106740,가솔린,998,13.5,전륜 FF,9.6,등록,기아,78,0
더 뉴 레이 1.0,10600000,39,78967,가솔린,998,12.7,전륜 FF,9.6,등록,기아,78,1
레이 1.0,7600000,87,48740,가솔린,998,13.5,전륜 FF,9.6,등록,기아,78,0
더 뉴 레이 1.0,10800000,53,24068,가솔린,998,12.7,전륜 FF,9.6,등록,기아,78,1
레이 1.0,9990000,111,141337,가솔린,998,13.5,전륜 FF,9.6,등록,기아,78,0
레이,7500000,125,93353,가솔린,998,17,전륜 FF,9.6,미등록,기아,78,0
레이 1.0,5900000,113,95190,가솔린,998,13.5,전륜 FF,9.6,등록,기아,78,0
더 뉴 레이 1.0,7100000,25,43765,가솔린,998,13,전륜 FF,3750,등록,기아,76,1
더 뉴 레이 1.0,14500000,4,2400,가솔린,998,12.7,전륜 FF,9.7,등록,기아,76,1
더 뉴 레이 1.0,14500000,30,16506,가솔린,998,12.7,전륜 FF,9.7,등록,기아,76,1
더 뉴 레이 1.0,14000000,26,14500,가솔린,998,13,전륜 FF,9.7,등록,기아,76,0
레이 EV,7000000,129,50525,기타,50,12,전륜 FF,17,등록,기아,68,0
레이 1.0,11200000,37,64939,가솔린,998,13.5,전륜 FF,9.6,등록,기아,78,1
레이,4500000,99,116892,가솔린,998,13.5,전륜 FF,9.6,미등록,기아,78,0
레이,5500000,124,84000,가솔린,998,17,전륜 FF,9.6,등록,기아,78,0
레이 1.0,3600000,123,186000,가솔린,998,17,전륜 FF,9.6,등록,기아,78,0
더 뉴 레이,22490000,33,6000,가솔린,998,12.7,전륜 FF,9.6,등록,기아,78,1
더 뉴 레이,17700000,29,27814,가솔린,998,13,전륜 FF,9.7,미등록,기아,76,1
더 뉴 레이,15500000,4,4617,가솔린,998,12.7,전륜 FF,9.7,미등록,기아,76,1
레이,9800000,67,81500,가솔린,998,13.5,전륜 FF,9.6,미등록,기아,78,0
레이,13900000,68,56000,가솔린,998,13.5,전륜 FF,9.6,미등록,기아,78,0
레이,16000000,127,88383,가솔린,998,13.5,전륜 FF,9.6,미등록,기아,78,0
더 뉴 레이,9500000,49,43000,가솔린,998,12.7,전륜 FF,9.6,미등록,기아,78,0
레이,5600000,132,69000,가솔린,998,13.5,전륜 FF,9.6,미등록,기아,78,0
더 뉴 레이,13300000,25,4400,가솔린,998,13,전륜 FF,9.7,미등록,기아,76,1
더 뉴 레이,22900000,12,240,가솔린,998,13,전륜 FF,9.6,미등록,기아,78,0
더 올 뉴 G80 2.5,47500000,34,25323,가솔린,2497,10.1,AWD,42.9,등록,제네시스,304,1
G80,21990000,83,104507,가솔린,3342,9.4,후륜 ,35.4,등록,제네시스,282,0
G80,27990000,69,101417,가솔린,3342,9.4,AWD,35.4,등록,제네시스,282,0
G80,33990000,44,52836,가솔린,3342,9.4,AWD,35.4,등록,제네시스,282,1
G80,23990000,49,108930,가솔린,3342,9.6,AWD,35.4,등록,제네시스,282,1
G80,33990000,67,75629,가솔린,3342,9.4,AWD,35.4,등록,제네시스,282,0
G80 3.3,19200000,80,140141,가솔린,3342,9.6,후륜 ,35.4,등록,제네시스,282,0
G80 3.3,28990000,65,66924,가솔린,3342,8,AWD,52,등록,제네시스,370,0
G80 3.3,23990000,79,93024,가솔린,3342,9.6,AWD,35.4,등록,제네시스,282,0
G80,27900000,37,67000,가솔린,3342,9.1,후륜 ,35.4,등록,제네시스,282,1
G80 3.3,22400000,79,69801,가솔린,3342,9.6,후륜 ,35.4,등록,제네시스,282,0
G80 3.3,20900000,49,157386,가솔린,3342,9.4,AWD,35.4,등록,제네시스,282,1
G80 3.3,19990000,64,117617,가솔린,3342,9.6,AWD,35.4,등록,제네시스,282,0
G80 3.8,20900000,55,143936,가솔린,3778,9.2,AWD,40.5,등록,제네시스,315,1
G80 3.3,21700000,69,131568,가솔린,3342,9.6,AWD,35.4,등록,제네시스,282,0
G80 3.3,20000000,68,102982,가솔린,3342,9.1,후륜 ,35.4,등록,제네시스,282,0
더 올 뉴 G80 2.5,4500000,5,4300,가솔린,2497,10.8,후륜 ,42.9,등록,제네시스,304,1
더 올 뉴 G80 2.5,17000000,10,1500,가솔린,2497,10.1,AWD,42.9,등록,제네시스,304,1
더 올 뉴 G80 2.5,330000,29,85000,가솔린,2497,10.1,AWD,42.9,등록,제네시스,304,0
더 올 뉴 G80 2.5,400000,34,25000,가솔린,2497,10.1,AWD,42.9,등록,제네시스,304,0
더 올 뉴 G80 2.5,3500000,22,15500,가솔린,2497,10.1,AWD,42.9,등록,제네시스,304,1
G80 3.3,23700000,84,65376,가솔린,3342,9.6,AWD,35.4,등록,제네시스,282,0
G80 3.3,22000000,81,90876,가솔린,3342,9.6,후륜 ,35.4,등록,제네시스,282,0
G80 3.3,23000000,60,56361,가솔린,3342,9.6,AWD,35.4,등록,제네시스,282,1
G80 3.3,27200000,83,33248,가솔린,3342,9.6,후륜 ,35.4,등록,제네시스,282,0
G80 3.3,22800000,63,102842,가솔린,3342,9.6,후륜 ,35.4,등록,제네시스,282,0
G80,38500000,55,84459,가솔린,3342,8,AWD,52,등록,제네시스,370,1
G80 3.3,25900000,84,79999,가솔린,3342,9.4,AWD,35.4,등록,제네시스,282,0
G80 3.3,32900000,58,45000,가솔린,3342,9.4,AWD,35.4,등록,제네시스,282,1
더 올 뉴 G80 2.5,48400000,21,54600,가솔린,2497,9.8,AWD,42.9,등록,제네시스,304,1
G80 3.3,31900000,37,71000,가솔린,3342,9.4,AWD,35.4,등록,제네시스,282,1
더 올 뉴 G80 2.5,45500000,15,6965,가솔린,2497,10.1,AWD,42.9,등록,제네시스,304,1
G80 3.3,20990000,69,96038,가솔린,3342,9.4,후륜 ,35.4,등록,제네시스,282,0
G80 3.3,46000000,61,50000,가솔린,3342,8.5,AWD,52,등록,제네시스,370,0
더 올 뉴 G80 2.5,49000000,32,27000,가솔린,2497,10.8,후륜 ,42.9,등록,제네시스,304,0
G80,39990000,46,62268,가솔린,3342,8.8,후륜 ,52,미등록,제네시스,370,1
G80,25500000,72,96028,가솔린,3342,8.9,후륜 ,35.4,미등록,제네시스,282,0
G80 3.8,28990000,63,83959,가솔린,3778,9.2,AWD,40.5,등록,제네시스,315,0
G80 3.3,23290000,69,68811,가솔린,3342,9.1,후륜 ,35.4,등록,제네시스,282,0
G80 3.8,40000000,43,62500,가솔린,3778,9.2,AWD,40.5,등록,제네시스,315,0
G80 3.8,24000000,65,97104,가솔린,3778,9.2,AWD,40.5,등록,제네시스,315,0
G80 3.3,20000000,45,33100,가솔린,3342,9.1,후륜 ,35.4,등록,제네시스,282,0
더 올 뉴 G80 2.5,44500000,30,14500,가솔린,2497,10.8,후륜 ,42.9,등록,제네시스,304,1
G80 2.2,30990000,37,118142,디젤,2199,12,AWD,45,등록,제네시스,202,0
G80 3.3,28000000,63,80000,가솔린,3342,9.6,후륜 ,35.4,등록,제네시스,282,0
G80 3.8,7200000,100,250000,가솔린,4627,12,후륜 ,40.5,등록,제네시스,315,0
더 올 뉴 G80,50000000,29,25000,가솔린,2497,10.8,후륜 ,42.9,미등록,제네시스,304,1
G90 1세대,2000000,21,60800,가솔린,3342,8,AWD,52,등록,제네시스,370,1
G90 1세대,48990000,60,86189,가솔린,3778,8.9,후륜 ,40.5,등록,제네시스,315,1
G90 1세대,39900000,44,177817,가솔린,3342,8.8,후륜 ,52,등록,제네시스,370,1
G90 1세대,44900000,39,139967,가솔린,3778,8.2,AWD,40.5,등록,제네시스,315,0
G90 1세대,45900000,43,94410,가솔린,3778,8.9,후륜 ,40.5,등록,제네시스,315,1
G90 1세대,46990000,37,92578,가솔린,3778,8.2,AWD,40.5,등록,제네시스,315,0
G90 1세대,1000000,46,89000,가솔린,3778,8.9,후륜 ,40.5,등록,제네시스,315,1
G90 1세대,43500000,46,108858,가솔린,3778,8.9,후륜 ,40.5,등록,제네시스,315,1
G90 1세대,40590000,40,107000,가솔린,3778,8.2,AWD,40.5,미등록,제네시스,315,0
G90 2세대,9180000,11,500,가솔린,3470,9.3,후륜 ,54.1,등록,제네시스,380,1
G90 2세대,23000000,10,22,가솔린,3470,8.3,AWD,54.1,등록,제네시스,380,1
G90 1세대,49500000,39,67858,가솔린,3778,8.9,후륜 ,40.5,미등록,제네시스,315,1
G90 1세대,44200000,37,139000,가솔린,5038,7.3,AWD,53,미등록,제네시스,425,0
G90 1세대,43900000,40,77000,가솔린,3778,8.2,AWD,40.5,미등록,제네시스,315,0
더 넥스트 스파크,5200000,76,129480,가솔린,999,14.8,전륜 FF,9.6,등록,쉐보레,75,0
더 뉴 스파크 1.0,7100000,59,60594,가솔린,999,15,전륜 FF,9.7,등록,쉐보레,75,1
더 뉴 스파크,9990000,37,36566,가솔린,999,15,전륜 FF,9.7,등록,쉐보레,75,1
스파크,3990000,110,61558,가솔린,995,16.8,전륜 FF,9.4,등록,쉐보레,70,0
더 뉴 스파크 1.0,5400000,37,32099,가솔린,999,15,전륜 FF,9.7,등록,쉐보레,75,1
더 뉴 스파크 1.0,7200000,40,59593,가솔린,999,15,전륜 FF,9.7,등록,쉐보레,75,1
더 뉴 스파크 1.0,6990000,56,61863,가솔린,999,15,전륜 FF,9.7,등록,쉐보레,75,1
더 뉴 스파크 1.0,7500000,58,69893,가솔린,999,15,전륜 FF,9.7,등록,쉐보레,75,1
더 넥스트 스파크,5990000,94,61439,가솔린,999,14.8,전륜 FF,9.6,등록,쉐보레,75,0
스파크 1.0,1900000,142,151634,가솔린,995,21,전륜 FF,9.4,등록,쉐보레,70,0
더 넥스트 스파크,7700000,70,59440,가솔린,999,12,전륜 FF,36,미등록,쉐보레,203,1
더 넥스트 스파크,6390000,76,60000,가솔린,999,14.8,전륜 FF,9.6,등록,쉐보레,75,0
더 넥스트 스파크,4990000,75,111000,가솔린,999,14.8,전륜 FF,9.6,등록,쉐보레,75,0
더 뉴 스파크 1.0,5800000,59,50000,가솔린,999,15,전륜 FF,9.7,등록,쉐보레,75,1
더 넥스트 스파크,6390000,84,102000,가솔린,999,12,전륜 FF,36,등록,쉐보레,203,0
더 넥스트 스파크,6390000,94,117000,가솔린,999,14.8,전륜 FF,9.6,등록,쉐보레,75,0
더 넥스트 스파크,4500000,75,89008,가솔린,999,14.8,전륜 FF,9.6,등록,쉐보레,75,0
스파크 1.0,2500000,108,132644,LPG,995,14,전륜 FF,9.3,등록,쉐보레,65,0
스파크 1.0,1900000,136,84572,가솔린,995,21,전륜 FF,9.4,등록,쉐보레,70,0
스파크 1.0,2200000,88,82682,가솔린,995,15.3,전륜 FF,9.6,등록,쉐보레,75,0
스파크 1.0,1790000,114,182860,LPG,995,12,전륜 FF,9.3,등록,쉐보레,65,0
스파크,2990000,128,97930,가솔린,995,21,전륜 FF,9.4,등록,쉐보레,70,0
더 넥스트 스파크,3990000,96,44000,가솔린,999,14.8,전륜 FF,9.6,등록,쉐보레,75,0
더 넥스트 스파크,5500000,61,20000,가솔린,999,12,전륜 FF,36,등록,쉐보레,203,0
스파크 1.0,1900000,108,50000,가솔린,995,16.8,전륜 FF,9.4,등록,쉐보레,70,0
더 넥스트 스파크,5000000,69,20000,가솔린,999,12,전륜 FF,36,등록,쉐보레,203,0
스파크 1.0,1900000,136,116000,LPG,995,17,전륜 FF,9.3,등록,쉐보레,65,0
스파크 1.0,1900000,125,56000,가솔린,995,21,전륜 FF,9.4,등록,쉐보레,70,0
더 넥스트 스파크,3700000,77,95000,가솔린,999,14.8,전륜 FF,9.6,등록,쉐보레,75,0
더 뉴 스파크 1.0,5200000,58,25086,가솔린,999,12,전륜 FF,36,등록,쉐보레,203,0
더 넥스트 스파크,6500000,52,35076,가솔린,999,12,전륜 FF,36,등록,쉐보레,203,1
더 넥스트 스파크,6800000,52,28689,가솔린,999,12,전륜 FF,36,등록,쉐보레,203,1
더 넥스트 스파크,3900000,91,47395,가솔린,999,14.8,전륜 FF,9.6,등록,쉐보레,75,0
스파크,2990000,128,132387,가솔린,995,21,전륜 FF,9.4,등록,쉐보레,70,0
스파크 1.0,3450000,141,83469,가솔린,995,21,전륜 FF,9.4,등록,쉐보레,70,0
더 넥스트 스파크,5900000,71,72000,가솔린,999,15.4,전륜 FF,9.7,등록,쉐보레,75,0
스파크 1.0,4100000,117,62000,가솔린,995,15.3,전륜 FF,9.6,등록,쉐보레,75,0
스파크 1.0,2200000,137,149683,가솔린,995,21,전륜 FF,9.4,등록,쉐보레,70,0
스파크 1.0,2490000,143,102916,가솔린,995,21,전륜 FF,9.4,등록,쉐보레,70,0
스파크,4000000,103,65000,LPG,995,11.5,전륜 FF,9.3,미등록,쉐보레,65,0
더 넥스트 스파크,6000000,78,64000,가솔린,999,12,전륜 FF,36,등록,쉐보레,203,0
더 넥스트 스파크,5990000,75,64044,가솔린,999,14.8,전륜 FF,9.6,등록,쉐보레,75,0
더 뉴 스파크,7920000,48,47656,가솔린,999,15,전륜 FF,9.7,미등록,쉐보레,75,1
더 넥스트 스파크,5980000,68,56536,가솔린,999,12,전륜 FF,36,미등록,쉐보레,203,0
스파크,3500000,87,81288,가솔린,995,12,전륜 FF,9.4,등록,쉐보레,70,0
더 뉴 스파크 1.0,8200000,37,20288,가솔린,999,15,전륜 FF,9.7,등록,쉐보레,75,1
더 뉴 스파크 1.0,5300000,59,65000,가솔린,999,15,전륜 FF,9.7,등록,쉐보레,75,0
스파크,3700000,119,34000,가솔린,995,21,전륜 FF,9.4,미등록,쉐보레,70,0
더 넥스트 스파크,6150000,92,66050,가솔린,999,14.8,전륜 FF,9.6,등록,쉐보레,75,0
더 넥스트 스파크,3900000,75,29907,가솔린,999,12,전륜 FF,36,미등록,쉐보레,203,0
더 넥스트 스파크,5700000,92,33500,가솔린,999,14.8,전륜 FF,9.6,등록,쉐보레,75,0
더 뉴 스파크 1.0,10500000,32,25000,가솔린,999,12,전륜 FF,9.7,등록,쉐보레,75,1
스파크 1.0,1900000,138,125000,가솔린,995,21,전륜 FF,9.4,등록,쉐보레,70,0
더 넥스트 스파크,7000000,84,48000,가솔린,999,15.4,전륜 FF,9.7,등록,쉐보레,75,0
스파크 1.0,5500000,97,44000,가솔린,995,15.3,전륜 FF,9.6,등록,쉐보레,75,0
스파크,2400000,129,143000,LPG,995,17,전륜 FF,9.3,미등록,쉐보레,65,0
올 뉴 말리부,16300000,77,77121,가솔린,1998,10.8,전륜 FF,36,미등록,쉐보레,253,0
올 뉴 말리부 1.5,9590000,79,96327,가솔린,1490,13,전륜 FF,25.5,등록,쉐보레,166,0
올 뉴 말리부 2.0,10500000,50,113306,가솔린,1998,10.8,전륜 FF,36,등록,쉐보레,253,1
말리부 2.0,4990000,143,150335,가솔린,1998,12.4,전륜 FF,18.8,등록,쉐보레,141,0
더 뉴 말리부,16690000,46,62237,가솔린,1341,14.2,전륜 FF,24.1,등록,쉐보레,156,1
올 뉴 말리부 2.0,11990000,62,58717,가솔린,1998,10.8,전륜 FF,36,등록,쉐보레,253,0
올 뉴 말리부 1.5,10500000,81,64547,가솔린,1490,13,전륜 FF,25.5,등록,쉐보레,166,0
말리부 2.0,5500000,126,63622,가솔린,1998,11.6,전륜 FF,18.8,등록,쉐보레,141,0
말리부 2.0,3800000,144,184579,가솔린,1998,12.4,전륜 FF,18.8,등록,쉐보레,141,0
더 뉴 말리부 1.3,14990000,45,25360,가솔린,1341,14.2,전륜 FF,24.1,등록,쉐보레,156,1
말리부 2.0,5200000,127,116000,가솔린,1998,12.4,전륜 FF,18.8,등록,쉐보레,141,0
말리부 2.0,3900000,111,140000,LPG,1998,8.3,전륜 FF,18.7,등록,쉐보레,137,0
올 뉴 말리부 1.5,14500000,63,72396,가솔린,1490,13,전륜 FF,25.5,등록,쉐보레,166,0
말리부 2.0,4700000,93,82097,디젤,1956,13.3,전륜 FF,35.8,등록,쉐보레,156,0
말리부 2.0,4390000,93,119699,디젤,1956,13.3,전륜 FF,35.8,등록,쉐보레,156,0
말리부 2.0,3490000,106,183270,디젤,1956,13.3,전륜 FF,35.8,등록,쉐보레,156,0
말리부 2.0,4200000,81,52983,가솔린,1998,10.1,전륜 FF,18.8,등록,쉐보레,141,0
말리부 2.0,3990000,93,127000,디젤,1956,13.3,전륜 FF,35.8,등록,쉐보레,156,0
올 뉴 말리부 1.5,7990000,79,76000,가솔린,1490,13,전륜 FF,25.5,등록,쉐보레,166,0
말리부 2.0,3990000,85,126000,디젤,1956,13.3,전륜 FF,35.8,등록,쉐보레,156,0
말리부 2.0,3300000,89,106000,디젤,1956,13.3,전륜 FF,35.8,등록,쉐보레,156,0
올 뉴 말리부 1.5,11000000,82,56565,가솔린,1490,13,전륜 FF,25.5,등록,쉐보레,166,0
말리부 2.0,3690000,101,208000,디젤,1956,13.3,전륜 FF,35.8,등록,쉐보레,156,0
올 뉴 말리부 2.0,13900000,78,73000,가솔린,1998,10.8,전륜 FF,36,등록,쉐보레,253,0
올 뉴 말리부 1.5,12500000,82,55182,가솔린,1490,13,전륜 FF,25.5,등록,쉐보레,166,0
말리부 2.0,4990000,131,93936,가솔린,1998,11.6,전륜 FF,18.8,등록,쉐보레,141,0
올 뉴 말리부 2.0,12600000,79,87883,가솔린,1998,10.8,전륜 FF,36,등록,쉐보레,253,0
말리부 2.0,4900000,105,150000,디젤,1956,13.3,전륜 FF,35.8,등록,쉐보레,156,0
말리부 2.0,6100000,130,89649,가솔린,1998,11.6,전륜 FF,18.8,등록,쉐보레,141,0
올 뉴 말리부,13500000,62,137000,가솔린,1998,10.8,전륜 FF,36,미등록,쉐보레,253,0
올 뉴 말리부 2.0,14700000,61,94722,가솔린,1998,10.8,전륜 FF,36,등록,쉐보레,253,0
말리부 2.0,6800000,89,112000,디젤,1956,13.3,전륜 FF,35.8,등록,쉐보레,156,0
올 뉴 말리부,16900000,79,58315,가솔린,1998,10.8,전륜 FF,36,미등록,쉐보레,253,0
말리부 2.4,7500000,100,93430,가솔린,2384,10.8,전륜 FF,23,등록,쉐보레,170,0
올 뉴 말리부 2.0,14900000,79,83621,가솔린,1998,10.8,전륜 FF,36,등록,쉐보레,253,0
말리부 2.0,4100000,143,145000,가솔린,1998,12.4,전륜 FF,18.8,등록,쉐보레,141,0
올 뉴 말리부,14300000,67,90741,가솔린,1490,13,전륜 FF,25.5,미등록,쉐보레,166,0
더 뉴 말리부 1.3,19900000,37,57000,가솔린,1341,13.3,전륜 FF,24.1,등록,쉐보레,156,1
올 뉴 말리부,14100000,82,114826,가솔린,1998,10.8,전륜 FF,36,미등록,쉐보레,253,0
올 뉴 말리부,18900000,65,68211,가솔린,1998,10.8,전륜 FF,36,미등록,쉐보레,253,0
말리부,7800000,122,32385,가솔린,1998,11.6,전륜 FF,18.8,미등록,쉐보레,141,0
SM5 노바,7700000,60,97460,LPG,1998,12,전륜 FF,36,등록,르노삼성,203,0
SM5 노바,4800000,74,169320,LPG,1998,12,전륜 FF,36,등록,르노삼성,203,0
SM5 노바,6900000,60,132360,LPG,1998,12,전륜 FF,36,등록,르노삼성,203,0
SM5 SM520,1400000,231,118966,가솔린,1998,10.3,전륜 FF,18.5,등록,르노삼성,143,0
SM5 노바,6500000,90,83439,가솔린,1618,13,전륜 FF,24.5,등록,르노삼성,190,1
SM5 노바,5500000,91,70777,가솔린,1998,12.6,전륜 FF,19.8,등록,르노삼성,141,1
뉴 SM5,3200000,126,133280,가솔린,1998,14.1,전륜 FF,19.8,등록,르노삼성,141,0
뉴 SM5,2700000,155,195901,LPG,1998,10,전륜 FF,19.7,등록,르노삼성,140,0
뉴 SM5,2500000,133,167127,가솔린,1998,12.5,전륜 FF,19.8,등록,르노삼성,141,1
뉴 SM5,2500000,155,168898,가솔린,1998,12.1,전륜 FF,19.8,등록,르노삼성,141,0
뉴 SM5,2500000,147,163090,가솔린,1998,12.1,전륜 FF,19.8,등록,르노삼성,141,0
뉴 SM5,2400000,149,155574,가솔린,1998,12.1,전륜 FF,19.8,등록,르노삼성,141,0
뉴 SM5,2500000,140,121048,가솔린,1998,12.5,전륜 FF,19.8,등록,르노삼성,141,1
뉴 SM5,2500000,150,188394,가솔린,1998,12.1,전륜 FF,19.8,등록,르노삼성,141,0
뉴 SM5,2500000,141,172875,가솔린,1998,12.5,전륜 FF,19.8,등록,르노삼성,141,0
뉴 SM5,2700000,122,179416,가솔린,1998,12.5,전륜 FF,19.8,등록,르노삼성,141,0
뉴SM5 플래티넘,3590000,116,149566,LPG,1998,12,전륜 FF,36,등록,르노삼성,203,0
뉴SM5 플래티넘,3390000,116,157216,LPG,1998,12,전륜 FF,36,등록,르노삼성,203,0
SM5 노바,4690000,86,123114,디젤,1461,16.5,전륜 FF,24.5,등록,르노삼성,110,1
뉴SM5 플래티넘,3290000,101,130461,가솔린,1998,12.6,전륜 FF,19.8,등록,르노삼성,141,1
뉴 SM5,1890000,156,157425,LPG,1998,10,전륜 FF,19.7,등록,르노삼성,140,0
SM5 노바,2990000,91,142049,디젤,1461,16.5,전륜 FF,24.5,등록,르노삼성,110,1
뉴 SM5,1490000,147,218650,가솔린,1998,12.1,전륜 FF,19.8,등록,르노삼성,141,0
뉴SM5 플래티넘,3990000,116,164000,가솔린,1618,13,전륜 FF,24.5,등록,르노삼성,190,1
뉴 SM5,3800000,109,107400,LPG,1998,14.1,전륜 FF,19.8,등록,르노삼성,141,0
뉴 SM5,2200000,152,154000,LPG,1998,10,전륜 FF,19.7,등록,르노삼성,140,0
뉴SM5 플래티넘,2700000,117,174000,가솔린,1998,9.6,전륜 FF,19.8,등록,르노삼성,141,1
SM5 노바,4990000,92,79000,가솔린,1998,12.6,전륜 FF,19.8,등록,르노삼성,141,1
뉴SM5 플래티넘,2500000,118,172000,LPG,1998,9.6,전륜 FF,19.8,등록,르노삼성,141,1
뉴 SM5,3600000,147,143000,가솔린,1998,12.1,전륜 FF,19.8,등록,르노삼성,141,0
뉴 SM5,2990000,121,145650,LPG,1998,10,전륜 FF,19.7,등록,르노삼성,140,0
SM5 노바,4500000,86,159410,디젤,1461,16.5,전륜 FF,24.5,등록,르노삼성,110,1
SM5 노바,6800000,74,173000,LPG,1998,12,전륜 FF,36,등록,르노삼성,203,0
SM5 뉴 임프레션,500000,187,230000,가솔린,1998,11,전륜 FF,20,등록,르노삼성,143,0
SM5 뉴 임프레션,1600000,172,167978,가솔린,1998,11,전륜 FF,20,등록,르노삼성,143,0
뉴SM5 플래티넘,5300000,132,103128,가솔린,1998,12.6,전륜 FF,19.8,등록,르노삼성,141,0
SM5 뉴 임프레션,1500000,192,184700,가솔린,1998,11,전륜 FF,20,등록,르노삼성,143,0
뉴SM5 플래티넘,7000000,107,76220,가솔린,1998,12.6,전륜 FF,19.8,등록,르노삼성,141,1
뉴SM5 플래티넘,4000000,105,58732,가솔린,1998,12.6,전륜 FF,19.8,등록,르노삼성,141,1
SM5 뉴 임프레션,4300000,158,118666,가솔린,1998,11,전륜 FF,20,미등록,르노삼성,143,0
뉴 SM5,3500000,152,172244,가솔린,1998,12.1,전륜 FF,19.8,미등록,르노삼성,141,0
뉴SM5 플래티넘,4300000,115,205291,LPG,1998,12,전륜 FF,36,미등록,르노삼성,203,0
뉴SM5 플래티넘,7600000,108,94000,LPG,1998,12,전륜 FF,36,미등록,르노삼성,203,0
더 뉴 SM6 1.3,27500000,17,9888,가솔린,1332,13.3,전륜 FF,26.5,등록,르노삼성,156,1
SM6 1.5,8400000,62,113091,디젤,1461,17,전륜 FF,25.5,등록,르노삼성,110,0
SM6,9900000,51,120460,가솔린,1997,12,전륜 FF,20.6,등록,르노삼성,150,1
SM6,10690000,37,130069,LPG,1998,9.3,전륜 FF,19.7,등록,르노삼성,140,1
SM6 2.0,10700000,83,65066,가솔린,1997,12.3,전륜 FF,20.6,등록,르노삼성,150,0
SM6 1.6,10990000,66,71675,가솔린,1618,12.3,전륜 FF,26.5,등록,르노삼성,190,0
SM6 2.0,9200000,76,93585,가솔린,1997,12.3,전륜 FF,20.6,등록,르노삼성,150,0
SM6 2.0,9990000,78,144677,가솔린,1997,12.3,전륜 FF,20.6,등록,르노삼성,150,0
SM6 2.0,10990000,58,92576,LPG,1998,9.3,전륜 FF,19.7,등록,르노삼성,140,1
SM6,19900000,30,18501,LPG,1998,9,전륜 FF,19.7,등록,르노삼성,140,1
SM6 1.5,9800000,80,96000,디젤,1461,17,전륜 FF,25.5,등록,르노삼성,110,0
SM6 2.0,11300000,79,74714,가솔린,1997,12.3,전륜 FF,20.6,등록,르노삼성,150,0
SM6 2.0,12700000,83,61499,가솔린,1997,12.3,전륜 FF,20.6,등록,르노삼성,150,0
SM6 1.5,8990000,66,40964,디젤,1461,17,전륜 FF,25.5,등록,르노삼성,110,0
SM6 1.6,9900000,62,87064,가솔린,1618,12.8,전륜 FF,26.5,등록,르노삼성,190,0
SM6 2.0,5990000,80,74000,LPG,1998,9.3,전륜 FF,19.7,등록,르노삼성,140,0
SM6 2.0,6990000,84,124000,LPG,1998,9.3,전륜 FF,19.7,등록,르노삼성,140,0
SM6 1.6,9900000,80,105006,가솔린,1618,12.8,전륜 FF,26.5,등록,르노삼성,190,0
SM6 2.0,12900000,67,79000,가솔린,1997,12,전륜 FF,20.6,등록,르노삼성,150,0
SM6 1.6,17800000,46,54300,가솔린,1618,12.3,전륜 FF,26.5,등록,르노삼성,190,1
SM6 2.0,9990000,79,107650,가솔린,1997,12.3,전륜 FF,20.6,등록,르노삼성,150,0
SM6 2.0,8800000,79,99095,가솔린,1997,12.3,전륜 FF,20.6,등록,르노삼성,150,0
SM6,14500000,82,61511,가솔린,1997,12.3,전륜 FF,20.6,미등록,르노삼성,150,0
SM6 2.0,11700000,50,59700,가솔린,1997,12.3,전륜 FF,20.6,등록,르노삼성,150,1
SM6 2.0,6600000,76,152700,LPG,1998,9,전륜 FF,19.7,등록,르노삼성,140,0
SM6 2.0,7500000,59,213986,LPG,1998,9.3,전륜 FF,19.7,등록,르노삼성,140,1
SM6 2.0,14000000,75,43800,가솔린,1997,12.3,전륜 FF,20.6,등록,르노삼성,150,0
코란도 투리스모,7400000,107,132138,디젤,1998,11.3,4WD,36.7,등록,쌍용,155,0
코란도 투리스모,6990000,112,100000,디젤,1998,11.3,4WD,36.7,등록,쌍용,155,0
뉴 코란도 C,4700000,117,150000,디젤,1998,12.8,전륜 FF,36.7,등록,쌍용,181,0
더 뉴 코란도 스포츠,7900000,81,92585,디젤,2157,12,4WD,40.8,등록,쌍용,178,0
코란도 스포츠,5000000,130,137107,디젤,1998,12.8,4WD,36.7,등록,쌍용,155,0
코란도 스포츠,5500000,131,157022,디젤,1998,12.8,4WD,36.7,등록,쌍용,155,0
뷰티풀 코란도,16500000,46,28485,디젤,1597,14.1,전륜 FF,32.9,등록,쌍용,136,1
뷰티풀 코란도,15990000,39,17271,디젤,1597,14.1,전륜 FF,32.9,등록,쌍용,136,1
코란도 투리스모,7990000,120,100875,디젤,1998,11.3,4WD,36.7,등록,쌍용,155,0
코란도 C 2.0,4290000,130,130312,디젤,1998,15,전륜 FF,36.7,등록,쌍용,181,0
코란도 스포츠,6200000,131,166267,디젤,1998,12.8,4WD,36.7,등록,쌍용,155,0
코란도 C,3200000,132,227290,디젤,1998,10.7,전륜 FF,36.7,등록,쌍용,181,0
코란도 스포츠,11000000,115,64305,디젤,1998,10.3,4WD,36.7,등록,쌍용,155,0
코란도 투리스모,7500000,100,134753,디젤,1998,11.3,4WD,36.7,등록,쌍용,155,0
코란도 C 2.0,3500000,144,134578,디젤,1998,13.1,4WD,36.7,등록,쌍용,181,0
뷰티풀 코란도,17990000,46,25856,디젤,1597,14.1,전륜 FF,32.9,등록,쌍용,136,1
뷰티풀 코란도,14990000,27,54205,디젤,1597,14.1,전륜 FF,32.9,등록,쌍용,136,1
코란도 C 2.0,3490000,111,160691,디젤,1998,10.7,전륜 FF,36.7,등록,쌍용,181,0
뉴 코란도 C 2.0,4400000,99,170000,디젤,1998,12,4WD,36,등록,쌍용,203,0
코란도 스포츠,6990000,118,81000,디젤,1998,10.3,후륜 ,36.7,등록,쌍용,155,0
뉴 코란도 C 2.0,5800000,108,127000,디젤,1998,12.8,전륜 FF,36.7,등록,쌍용,181,0
뉴 코란도 C 2.0,5500000,100,76000,디젤,1998,12.8,전륜 FF,36.7,등록,쌍용,181,0
뉴 코란도 C 2.0,4600000,101,140000,디젤,1998,11.6,4WD,36.7,등록,쌍용,181,0
코란도 C 2.0,3590000,144,159590,디젤,1998,13.1,4WD,36.7,등록,쌍용,181,0
코란도 투리스모,4890000,113,100003,디젤,1998,11.3,4WD,36.7,등록,쌍용,155,0
코란도 C 2.0,2290000,140,145650,디젤,1998,14.6,전륜 FF,36.7,등록,쌍용,181,0
코란도 스포츠,5500000,109,138000,디젤,1998,13.5,후륜 ,36.7,등록,쌍용,155,0
코란도 스포츠,5200000,127,72200,디젤,1998,12.8,4WD,36.7,등록,쌍용,155,0
코란도 스포츠,5600000,127,136000,디젤,1998,12.8,4WD,36.7,등록,쌍용,155,0
뉴 코란도 C 2.2,5990000,82,110000,디젤,2157,13.1,전륜 FF,40.8,등록,쌍용,178,0
코란도 스포츠,6500000,88,142000,디젤,1998,10.3,4WD,36.7,등록,쌍용,155,0
코란도 스포츠,6300000,131,186898,디젤,1998,12.8,4WD,36.7,등록,쌍용,155,0
코란도 스포츠,5200000,128,170797,디젤,1998,12.8,4WD,36.7,등록,쌍용,155,0
더 뉴 코란도 스포츠,10900000,61,120074,디젤,2157,12,4WD,40.8,등록,쌍용,178,0
뉴 코란도 C 2.0,8700000,107,67000,디젤,1998,11.6,4WD,36.7,등록,쌍용,181,0
코란도 스포츠,9500000,109,100000,디젤,1998,12.8,4WD,36.7,등록,쌍용,155,0
코란도 스포츠,6800000,123,135020,디젤,1998,12.8,4WD,36.7,등록,쌍용,155,0
코란도 스포츠,6500000,123,171371,디젤,1998,12.8,4WD,36.7,등록,쌍용,155,0
뷰티풀 코란도,18200000,27,27000,가솔린,1497,11.3,전륜 FF,28.6,등록,쌍용,170,1
코란도 스포츠,6200000,125,156524,디젤,1998,13.5,후륜 ,36.7,등록,쌍용,155,0
코란도 스포츠,4800000,132,223068,디젤,1998,13.5,후륜 ,36.7,등록,쌍용,155,0
코란도 스포츠,5500000,99,178515,디젤,1998,10.3,4WD,36.7,등록,쌍용,155,0
코란도 스포츠,5990000,130,176656,디젤,1998,13.5,후륜 ,36.7,등록,쌍용,155,0
코란도 스포츠,5400000,121,174915,디젤,1998,13.5,후륜 ,36.7,등록,쌍용,155,0
코란도 스포츠,5100000,124,149012,디젤,1998,13.5,후륜 ,36.7,등록,쌍용,155,0
코란도 스포츠,7400000,101,121602,디젤,1998,10.3,후륜 ,36.7,등록,쌍용,155,0
뉴 코란도 C 2.2,7300000,83,130823,디젤,2157,13.1,전륜 FF,40.8,등록,쌍용,178,0
코란도 투리스모,6950000,110,143110,디젤,1998,11.3,4WD,36.7,미등록,쌍용,155,0
코란도 스포츠,8840000,88,181200,디젤,1998,10.3,후륜 ,36.7,미등록,쌍용,155,0
코란도 투리스모,7950000,97,173580,디젤,1998,11.3,4WD,36.7,미등록,쌍용,155,0
코란도 스포츠,8700000,114,100000,디젤,1998,10.3,4WD,36.7,등록,쌍용,155,0
뉴 코란도 C,6700000,87,97759,디젤,1998,12.8,전륜 FF,36.7,등록,쌍용,149,0
코란도 스포츠,6500000,110,167091,디젤,1998,12.8,4WD,36.7,미등록,쌍용,155,0
코란도 스포츠,9800000,119,95300,디젤,1998,10.3,4WD,36.7,등록,쌍용,155,0
뉴코란도 2.9,2700000,214,181000,디젤,2874,12,후륜 ,25.51,등록,쌍용,120,0
코란도 C 2.0,3900000,144,141555,디젤,1998,15,전륜 FF,36.7,등록,쌍용,181,0
뉴 코란도 C 2.0,7500000,99,78030,디젤,1998,11.6,4WD,36.7,등록,쌍용,181,0
뷰티풀 코란도,16000000,39,44000,디젤,1597,13.3,AWD,33,등록,쌍용,136,0
뉴 코란도 C 2.2,9800000,82,95715,디젤,2157,13.1,전륜 FF,40.8,등록,쌍용,178,0
코란도 C 2.0,5690000,135,88840,디젤,1998,13.1,4WD,36.7,등록,쌍용,181,0
코란도 투리스모,10900000,108,80769,디젤,1998,11.3,4WD,36.7,등록,쌍용,155,0
코란도 스포츠,13900000,89,89828,디젤,1998,10.3,4WD,36.7,등록,쌍용,155,0
코란도 투리스모,12000000,65,85000,디젤,2157,10.6,4WD,40.8,등록,쌍용,178,0
뷰티풀 코란도,24000000,24,9000,가솔린,1497,11.5,전륜 FF,28.6,등록,쌍용,170,1
코란도 스포츠,6700000,132,126171,디젤,1998,12.8,4WD,36.7,등록,쌍용,155,0
코란도 C,4990000,135,163724,디젤,1998,13.1,4WD,36.7,미등록,쌍용,181,0
코란도 스포츠,12300000,87,104951,디젤,1998,10.3,4WD,36.7,미등록,쌍용,155,0
코란도 투리스모,7500000,114,150000,디젤,1998,11.3,4WD,36.7,등록,쌍용,155,0
더 뉴 코란도 스포츠,15000000,83,73000,디젤,2157,12,4WD,40.8,등록,쌍용,178,0
뷰티풀 코란도,17500000,39,26000,디젤,1597,14.1,전륜 FF,32.9,미등록,쌍용,136,1
뷰티풀 코란도,24000000,20,1200,가솔린,1497,11.3,전륜 FF,28.6,미등록,쌍용,170,1
코란도 투리스모,12500000,112,100403,디젤,1998,11.3,4WD,36.7,등록,쌍용,155,0
렉스턴 스포츠,26300000,39,48000,디젤,2157,9.7,4WD,42.8,미등록,쌍용,181,0
G4 렉스턴,28500000,29,38295,디젤,2157,10.1,4WD,42.8,미등록,쌍용,187,1
렉스턴 스포츠,21900000,39,47842,디젤,2157,9.7,4WD,42.8,등록,쌍용,181,0
렉스턴 스포츠,16200000,44,98210,디젤,2157,9.8,4WD,40.8,등록,쌍용,181,0
렉스턴W,5800000,113,235080,디젤,1998,12.2,전륜 FF,36.7,등록,쌍용,155,0
렉스턴 스포츠,33990000,17,38421,디젤,2157,10,4WD,42.8,등록,쌍용,187,1
렉스턴 스포츠,18500000,53,90238,디젤,2157,9.8,4WD,40.8,등록,쌍용,181,0
렉스턴W,8900000,130,141035,디젤,1998,11.6,4WD,40.8,등록,쌍용,178,0
G4 렉스턴,19990000,65,64308,디젤,2157,10.1,4WD,42.8,등록,쌍용,187,0
G4 렉스턴,17500000,72,80690,디젤,2157,10.1,AWD,42.8,등록,쌍용,187,1
렉스턴 스포츠,22900000,28,39615,디젤,2157,10,4WD,42.8,등록,쌍용,187,1
렉스턴 스포츠,20700000,52,54695,디젤,2157,9.8,4WD,40.8,등록,쌍용,181,0
렉스턴 스포츠,22200000,37,79651,디젤,2157,9.7,4WD,42.8,등록,쌍용,181,0
렉스턴 스포츠,17000000,59,52726,디젤,2157,9.8,4WD,40.8,등록,쌍용,181,0
G4 렉스턴,15400000,70,182244,디젤,2157,10.1,4WD,42.8,등록,쌍용,187,0
G4 렉스턴,1000000,56,121200,디젤,2157,10.5,후륜 ,42.8,등록,쌍용,187,1
렉스턴 스포츠,19990000,43,33690,디젤,2157,9.7,4WD,42.8,등록,쌍용,181,0
G4 렉스턴,14800000,58,150024,디젤,2157,10.1,4WD,42.8,등록,쌍용,187,0
G4 렉스턴,18990000,66,58918,디젤,2157,10.5,후륜 ,42.8,등록,쌍용,187,0
렉스턴 스포츠,13000000,41,81000,디젤,2157,9.8,4WD,40.8,등록,쌍용,181,0
렉스턴W 2.0,7300000,131,152000,디젤,1998,12,전륜 FF,36,등록,쌍용,203,0
렉스턴 스포츠,19900000,53,71679,디젤,2157,9.8,4WD,40.8,등록,쌍용,181,0
G4 렉스턴,17490000,69,79120,디젤,2157,10.1,4WD,42.8,등록,쌍용,187,0
렉스턴 스포츠,21100000,36,30729,디젤,2157,12,전륜 FF,36,등록,쌍용,203,0
G4 렉스턴,22900000,49,60000,디젤,2157,10.1,AWD,42.8,등록,쌍용,187,1
렉스턴W 2.0,9800000,108,123000,디젤,1998,11.6,4WD,40.8,등록,쌍용,178,0
렉스턴W 2.0,6700000,98,195402,디젤,1998,11.7,4WD,36.7,등록,쌍용,155,0
슈퍼 렉스턴,4400000,180,147149,디젤,2696,10.7,4WD,41,등록,쌍용,186,0
렉스턴W 2.0,5100000,112,157962,디젤,1998,11.7,4WD,36.7,등록,쌍용,155,0
렉스턴 스포츠,14300000,53,110543,디젤,2157,9.8,4WD,40.8,등록,쌍용,181,0
렉스턴 스포츠,25900000,35,32000,디젤,2157,12,전륜 FF,36,등록,쌍용,203,0
G4 렉스턴,19600000,54,97000,디젤,2157,10.5,후륜 ,42.8,등록,쌍용,187,0
올 뉴 렉스턴 2.2,27990000,35,8428,디젤,2157,12,전륜 FF,36,등록,쌍용,203,0
렉스턴 스포츠,18600000,37,35000,디젤,2157,9.8,4WD,40.8,등록,쌍용,181,0
G4 렉스턴,28000000,49,84650,디젤,2157,12,전륜 FF,36,등록,쌍용,203,0
슈퍼 렉스턴,6400000,139,91712,디젤,1998,10.4,4WD,35.7,등록,쌍용,172,0
슈퍼 렉스턴,6500000,167,159200,디젤,2696,10.4,4WD,35.7,미등록,쌍용,172,0
렉스턴 스포츠,14000000,41,180000,디젤,2157,9.8,4WD,40.8,등록,쌍용,181,0
렉스턴 스포츠,22900000,38,26000,디젤,2157,9.7,4WD,42.8,등록,쌍용,181,0
렉스턴 스포츠,25900000,37,64101,디젤,2157,9.7,4WD,42.8,미등록,쌍용,181,0
렉스턴W 2.0,9300000,100,89666,디젤,1998,11.6,4WD,40.8,등록,쌍용,178,0
G4 렉스턴,25000000,43,48292,디젤,2157,12,전륜 FF,36,등록,쌍용,203,0
G4 렉스턴,23990000,49,86000,디젤,2157,10.1,4WD,42.8,등록,쌍용,187,1
렉스턴W 2.0,8900000,111,105320,디젤,1998,11.7,4WD,36.7,등록,쌍용,155,0
렉스턴 스포츠,17000000,52,88900,디젤,2157,9.8,4WD,40.8,등록,쌍용,181,0
렉스턴W 2.0,8000000,112,104000,디젤,1998,11.6,4WD,40.8,등록,쌍용,178,0
G4 렉스턴,28000000,27,19536,디젤,2157,10.1,4WD,42.8,등록,쌍용,187,0
렉스턴 스포츠,29500000,33,16000,디젤,2157,12,전륜 FF,36,등록,쌍용,203,0
렉스턴W,6900000,111,218272,디젤,1998,13.1,4WD,36.7,미등록,쌍용,155,0
렉스턴 스포츠,20000000,55,140000,디젤,2157,9.8,4WD,40.8,등록,쌍용,181,0
렉스턴 스포츠,20900000,37,109000,디젤,2157,9.7,4WD,42.8,미등록,쌍용,181,0
렉스턴 스포츠,29500000,31,33000,디젤,2157,10.1,4WD,40.8,미등록,쌍용,187,1
렉스턴 스포츠,28800000,39,38000,디젤,2157,9.7,4WD,42.8,미등록,쌍용,181,0
더 뉴 렉스턴 스포츠,32000000,24,11000,디젤,2157,10,전륜 FF,42.8,미등록,쌍용,187,1
G4 렉스턴,28000000,42,25000,디젤,2157,10.1,AWD,42.8,미등록,쌍용,187,0
